statistics_code;statistics_label;time_code;time_label;time;1_variable_code;1_variable_label;1_variable_attribute_code;1_variable_attribute_label;value;value_unit;value_variable_code;value_variable_label;value_q
12411;Current updating of population figures;STAG;Reference date;2022-12-31;DLAND;Länder;06;Hessen;6236933;number;BEVSTD;Population;e
12411;Current updating of population figures;STAG;Reference date;2021-12-31;DLAND;Länder;05;Nordrhein-Westfalen;17924591;number;BEVSTD;Population;e
12411;Current updating of population figures;STAG;Reference date;2020-12-31;DLAND;Länder;06;Hessen;6293154;number;BEVSTD;Population;e
12411;Current updating of population figures;STAG;Reference date;2025-12-31;DLAND;Länder;07;Rheinland-Pfalz;4123022;number;BEVSTD;Population;e
12411;Current updating of population figures;STAG;Reference date;2021-12-31;DLAND;Länder;16;Thüringen;2108863;number;BEVSTD;Population;e
12411;Current updating of population figures;STAG;Reference date;2024-12-31;DLAND;Länder;06;Hessen;6280793;number;BEVSTD;Population;e
12411;Current updating of population figures;STAG;Reference date;2023-12-31;DLAND;Länder;05;Nordrhein-Westfalen;18017520;number;BEVSTD;Population;e
12411;Current updating of population figures;STAG;Reference date;2023-12-31;DLAND;Länder;16;Thüringen;2114870;number;BEVSTD;Population;e
12411;Current updating of population figures;STAG;Reference date;2020-12-31;DLAND;Länder;15;Sachsen-Anhalt;2180684;number;BEVSTD;Population;e
12411;Current updating of population figures;STAG;Reference date;2022-12-31;DLAND;Länder;08;Baden-Württemberg;11167721;number;BEVSTD;Population;e
12411;Current updating of population figures;STAG;Reference date;2021-12-31;DLAND;Länder;03;Niedersachsen;8027031;number;BEVSTD;Population;e
12411;Current updating of population figures;STAG;Reference date;2020-12-31;DLAND;Länder;04;Bremen;680130;number;BEVSTD;Population;e
12411;Current updating of population figures;STAG;Reference date;2025-12-31;DLAND;Länder;05;Nordrhein-Westfalen;17986214;number;BEVSTD;Population;e
12411;Current updating of population figures;STAG;Reference date;2021-12-31;DLAND;Länder;14;Sachsen;4043002;number;BEVSTD;Population;e
12411;Current updating of population figures;STAG;Reference date;2025-12-31;DLAND;Länder;16;Thüringen;2078946;number;BEVSTD;Population;e
12411;Current updating of population figures;STAG;Reference date;2024-12-31;DLAND;Länder;08;Baden-Württemberg;11245898;number;BEVSTD;Population;e
12411;Current updating of population figures;STAG;Reference date;2023-12-31;DLAND;Länder;03;Niedersachsen;8008135;number;BEVSTD;Population;e
12411;Current updating of population figures;STAG;Reference date;2019-12-31;DLAND;Länder;09;Bayern;13124737;number;BEVSTD;Population;e
12411;Current updating of population figures;STAG;Reference date;2017-12-31;DLAND;Länder;11;Berlin;3613495;number;BEVSTD;Population;e
12411;Current updating of population figures;STAG;Reference date;2023-12-31;DLAND;Länder;14;Sachsen;4054689;number;BEVSTD;Population;e
12411;Current updating of population figures;STAG;Reference date;2020-12-31;DLAND;Länder;13;Mecklenburg-Vorpommern;1610774;number;BEVSTD;Population;e
12411;Current updating of population figures;STAG;Reference date;2021-12-31;DLAND;Länder;09;Bayern;13176989;number;BEVSTD;Population;e
12411;Current updating of population figures;STAG;Reference date;2020-12-31;DLAND;Länder;02;Hamburg;1852478;number;BEVSTD;Population;e
12411;Current updating of population figures;STAG;Reference date;2019-12-31;DLAND;Länder;11;Berlin;3669491;number;BEVSTD;Population;e
12411;Current updating of population figures;STAG;Reference date;2016-12-31;DLAND;Länder;12;Brandenburg;2494648;number;BEVSTD;Population;e
12411;Current updating of population figures;STAG;Reference date;2024-12-31;DLAND;Länder;02;Hamburg;1862565;number;BEVSTD;Population;e
12411;Current updating of population figures;STAG;Reference date;2023-12-31;DLAND;Länder;01;Schleswig-Holstein;2953202;number;BEVSTD;Population;e
12411;Current updating of population figures;STAG;Reference date;2016-12-31;DLAND;Länder;01;Schleswig-Holstein;2881926;number;BEVSTD;Population;e
12411;Current updating of population figures;STAG;Reference date;2017-12-31;DLAND;Länder;13;Mecklenburg-Vorpommern;1611119;number;BEVSTD;Population;e
12411;Current updating of population figures;STAG;Reference date;2024-12-31;DLAND;Länder;13;Mecklenburg-Vorpommern;1573597;number;BEVSTD;Population;e
12411;Current updating of population figures;STAG;Reference date;2023-12-31;DLAND;Länder;12;Brandenburg;2554464;number;BEVSTD;Population;e
12411;Current updating of population figures;STAG;Reference date;2017-12-31;DLAND;Länder;02;Hamburg;1830584;number;BEVSTD;Population;e
12411;Current updating of population figures;STAG;Reference date;2020-12-31;DLAND;Länder;11;Berlin;3664088;number;BEVSTD;Population;e
12411;Current updating of population figures;STAG;Reference date;2021-12-31;DLAND;Länder;07;Rheinland-Pfalz;4106485;number;BEVSTD;Population;e
12411;Current updating of population figures;STAG;Reference date;2025-12-31;DLAND;Länder;09;Bayern;13245503;number;BEVSTD;Population;e
12411;Current updating of population figures;STAG;Reference date;2016-12-31;DLAND;Länder;10;Saarland;996651;number;BEVSTD;Population;e
12411;Current updating of population figures;STAG;Reference date;2024-12-31;DLAND;Länder;04;Bremen;704881;number;BEVSTD;Population;e
12411;Current updating of population figures;STAG;Reference date;2017-12-31;DLAND;Länder;15;Sachsen-Anhalt;2223081;number;BEVSTD;Population;e
12411;Current updating of population figures;STAG;Reference date;2018-12-31;DLAND;Länder;08;Baden-Württemberg;11069533;number;BEVSTD;Population;e
12411;Current updating of population figures;STAG;Reference date;2024-12-31;DLAND;Länder;15;Sachsen-Anhalt;2135597;number;BEVSTD;Population;e
12411;Current updating of population figures;STAG;Reference date;2019-12-31;DLAND;Länder;16;Thüringen;2133378;number;BEVSTD;Population;e
12411;Current updating of population figures;STAG;Reference date;2016-12-31;DLAND;Länder;15;Sachsen-Anhalt;2236252;number;BEVSTD;Population;e
12411;Current updating of population figures;STAG;Reference date;2023-12-31;DLAND;Länder;10;Saarland;1014047;number;BEVSTD;Population;e
12411;Current updating of population figures;STAG;Reference date;2017-12-31;DLAND;Länder;04;Bremen;681032;number;BEVSTD;Population;e
12411;Current updating of population figures;STAG;Reference date;2019-12-31;DLAND;Länder;05;Nordrhein-Westfalen;17947221;number;BEVSTD;Population;e
12411;Current updating of population figures;STAG;Reference date;2018-12-31;DLAND;Länder;16;Thüringen;2143145;number;BEVSTD;Population;e
12411;Current updating of population figures;STAG;Reference date;2016-12-31;DLAND;Länder;04;Bremen;678753;number;BEVSTD;Population;e
12411;Current updating of population figures;STAG;Reference date;2024-12-31;DLAND;Länder;10;Saarland;1012141;number;BEVSTD;Population;e
12411;Current updating of population figures;STAG;Reference date;2018-12-31;DLAND;Länder;05;Nordrhein-Westfalen;17932651;number;BEVSTD;Population;e
12411;Current updating of population figures;STAG;Reference date;2025-12-31;DLAND;Länder;10;Saarland;1007342;number;BEVSTD;Population;e
12411;Current updating of population figures;STAG;Reference date;2019-12-31;DLAND;Länder;14;Sachsen;4071971;number;BEVSTD;Population;e
12411;Current updating of population figures;STAG;Reference date;2016-12-31;DLAND;Länder;13;Mecklenburg-Vorpommern;1610674;number;BEVSTD;Population;e
12411;Current updating of population figures;STAG;Reference date;2024-12-31;DLAND;Länder;01;Schleswig-Holstein;2959517;number;BEVSTD;Population;e
12411;Current updating of population figures;STAG;Reference date;2017-12-31;DLAND;Länder;06;Hessen;6243262;number;BEVSTD;Population;e
12411;Current updating of population figures;STAG;Reference date;2018-12-31;DLAND;Länder;14;Sachsen;4077937;number;BEVSTD;Population;e
12411;Current updating of population figures;STAG;Reference date;2022-12-31;DLAND;Länder;11;Berlin;3632853;number;BEVSTD;Population;e
12411;Current updating of population figures;STAG;Reference date;2016-12-31;DLAND;Länder;02;Hamburg;1810438;number;BEVSTD;Population;e
12411;Current updating of population figures;STAG;Reference date;2024-12-31;DLAND;Länder;12;Brandenburg;2556747;number;BEVSTD;Population;e
12411;Current updating of population figures;STAG;Reference date;2018-12-31;DLAND;Länder;03;Niedersachsen;7982448;number;BEVSTD;Population;e
12411;Current updating of population figures;STAG;Reference date;2022-12-31;DLAND;Länder;02;Hamburg;1832675;number;BEVSTD;Population;e
12411;Current updating of population figures;STAG;Reference date;2021-12-31;DLAND;Länder;13;Mecklenburg-Vorpommern;1611160;number;BEVSTD;Population;e
12411;Current updating of population figures;STAG;Reference date;2018-12-31;DLAND;Länder;12;Brandenburg;2511917;number;BEVSTD;Population;e
12411;Current updating of population figures;STAG;Reference date;2017-12-31;DLAND;Länder;08;Baden-Württemberg;11023425;number;BEVSTD;Population;e
12411;Current updating of population figures;STAG;Reference date;2019-12-31;DLAND;Länder;01;Schleswig-Holstein;2903773;number;BEVSTD;Population;e
12411;Current updating of population figures;STAG;Reference date;2022-12-31;DLAND;Länder;13;Mecklenburg-Vorpommern;1576049;number;BEVSTD;Population;e
12411;Current updating of population figures;STAG;Reference date;2016-12-31;DLAND;Länder;08;Baden-Württemberg;10951893;number;BEVSTD;Population;e
12411;Current updating of population figures;STAG;Reference date;2025-12-31;DLAND;Länder;03;Niedersachsen;8000826;number;BEVSTD;Population;e
12411;Current updating of population figures;STAG;Reference date;2018-12-31;DLAND;Länder;01;Schleswig-Holstein;2896712;number;BEVSTD;Population;e
12411;Current updating of population figures;STAG;Reference date;2025-12-31;DLAND;Länder;14;Sachsen;4026599;number;BEVSTD;Population;e
12411;Current updating of population figures;STAG;Reference date;2019-12-31;DLAND;Länder;07;Rheinland-Pfalz;4093903;number;BEVSTD;Population;e
12411;Current updating of population figures;STAG;Reference date;2022-12-31;DLAND;Länder;04;Bremen;695758;number;BEVSTD;Population;e
12411;Current updating of population figures;STAG;Reference date;2021-12-31;DLAND;Länder;11;Berlin;3677472;number;BEVSTD;Population;e
12411;Current updating of population figures;STAG;Reference date;2018-12-31;DLAND;Länder;10;Saarland;990509;number;BEVSTD;Population;e
12411;Current updating of population figures;STAG;Reference date;2019-12-31;DLAND;Länder;03;Niedersachsen;7993608;number;BEVSTD;Population;e
12411;Current updating of population figures;STAG;Reference date;2023-12-31;DLAND;Länder;08;Baden-Württemberg;11230740;number;BEVSTD;Population;e
12411;Current updating of population figures;STAG;Reference date;2022-12-31;DLAND;Länder;15;Sachsen-Anhalt;2150239;number;BEVSTD;Population;e
12411;Current updating of population figures;STAG;Reference date;2016-12-31;DLAND;Länder;06;Hessen;6213088;number;BEVSTD;Population;e
12411;Current updating of population figures;STAG;Reference date;2025-12-31;DLAND;Länder;01;Schleswig-Holstein;2958519;number;BEVSTD;Population;e
12411;Current updating of population figures;STAG;Reference date;2025-12-31;DLAND;Länder;12;Brandenburg;2551889;number;BEVSTD;Population;e
12411;Current updating of population figures;STAG;Reference date;2020-12-31;DLAND;Länder;09;Bayern;13140183;number;BEVSTD;Population;e
12411;Current updating of population figures;STAG;Reference date;2024-12-31;DLAND;Länder;07;Rheinland-Pfalz;4129569;number;BEVSTD;Population;e
12411;Current updating of population figures;STAG;Reference date;2023-12-31;DLAND;Länder;06;Hessen;6267546;number;BEVSTD;Population;e
12411;Current updating of population figures;STAG;Reference date;2022-12-31;DLAND;Länder;05;Nordrhein-Westfalen;17964420;number;BEVSTD;Population;e
12411;Current updating of population figures;STAG;Reference date;2022-12-31;DLAND;Länder;16;Thüringen;2118830;number;BEVSTD;Population;e
12411;Current updating of population figures;STAG;Reference date;2021-12-31;DLAND;Länder;04;Bremen;676463;number;BEVSTD;Population;e
12411;Current updating of population figures;STAG;Reference date;2020-12-31;DLAND;Länder;07;Rheinland-Pfalz;4098391;number;BEVSTD;Population;e
12411;Current updating of population figures;STAG;Reference date;2025-12-31;DLAND;Länder;06;Hessen;6278594;number;BEVSTD;Population;e
12411;Current updating of population figures;STAG;Reference date;2021-12-31;DLAND;Länder;15;Sachsen-Anhalt;2169253;number;BEVSTD;Population;e
12411;Current updating of population figures;STAG;Reference date;2024-12-31;DLAND;Länder;09;Bayern;13248928;number;BEVSTD;Population;e
12411;Current updating of population figures;STAG;Reference date;2023-12-31;DLAND;Länder;04;Bremen;702655;number;BEVSTD;Population;e
12411;Current updating of population figures;STAG;Reference date;2017-12-31;DLAND;Länder;10;Saarland;994187;number;BEVSTD;Population;e
12411;Current updating of population figures;STAG;Reference date;2023-12-31;DLAND;Länder;15;Sachsen-Anhalt;2144570;number;BEVSTD;Population;e
12411;Current updating of population figures;STAG;Reference date;2022-12-31;DLAND;Länder;07;Rheinland-Pfalz;4108555;number;BEVSTD;Population;e
12411;Current updating of population figures;STAG;Reference date;2020-12-31;DLAND;Länder;16;Thüringen;2120237;number;BEVSTD;Population;e
12411;Current updating of population figures;STAG;Reference date;2021-12-31;DLAND;Länder;02;Hamburg;1853935;number;BEVSTD;Population;e
12411;Current updating of population figures;STAG;Reference date;2020-12-31;DLAND;Länder;05;Nordrhein-Westfalen;17925570;number;BEVSTD;Population;e
12411;Current updating of population figures;STAG;Reference date;2025-12-31;DLAND;Länder;04;Bremen;706915;number;BEVSTD;Population;e
12411;Current updating of population figures;STAG;Reference date;2019-12-31;DLAND;Länder;12;Brandenburg;2521893;number;BEVSTD;Population;e
12411;Current updating of population figures;STAG;Reference date;2016-12-31;DLAND;Länder;11;Berlin;3574830;number;BEVSTD;Population;e
12411;Current updating of population figures;STAG;Reference date;2024-12-31;DLAND;Länder;03;Niedersachsen;8004489;number;BEVSTD;Population;e
12411;Current updating of population figures;STAG;Reference date;2023-12-31;DLAND;Länder;02;Hamburg;1851596;number;BEVSTD;Population;e
12411;Current updating of population figures;STAG;Reference date;2018-12-31;DLAND;Länder;09;Bayern;13076721;number;BEVSTD;Population;e
12411;Current updating of population figures;STAG;Reference date;2017-12-31;DLAND;Länder;12;Brandenburg;2504040;number;BEVSTD;Population;e
12411;Current updating of population figures;STAG;Reference date;2024-12-31;DLAND;Länder;14;Sachsen;4042422;number;BEVSTD;Population;e
12411;Current updating of population figures;STAG;Reference date;2023-12-31;DLAND;Länder;13;Mecklenburg-Vorpommern;1578041;number;BEVSTD;Population;e
12411;Current updating of population figures;STAG;Reference date;2020-12-31;DLAND;Länder;14;Sachsen;4056941;number;BEVSTD;Population;e
12411;Current updating of population figures;STAG;Reference date;2017-12-31;DLAND;Länder;01;Schleswig-Holstein;2889821;number;BEVSTD;Population;e
12411;Current updating of population figures;STAG;Reference date;2022-12-31;DLAND;Länder;09;Bayern;13105221;number;BEVSTD;Population;e
12411;Current updating of population figures;STAG;Reference date;2020-12-31;DLAND;Länder;03;Niedersachsen;8003421;number;BEVSTD;Population;e
12411;Current updating of population figures;STAG;Reference date;2021-12-31;DLAND;Länder;08;Baden-Württemberg;11124642;number;BEVSTD;Population;e
12411;Current updating of population figures;STAG;Reference date;2019-12-31;DLAND;Länder;10;Saarland;986887;number;BEVSTD;Population;e
12411;Current updating of population figures;STAG;Reference date;2024-12-31;DLAND;Länder;05;Nordrhein-Westfalen;18034454;number;BEVSTD;Population;e
12411;Current updating of population figures;STAG;Reference date;2017-12-31;DLAND;Länder;14;Sachsen;4081308;number;BEVSTD;Population;e
12411;Current updating of population figures;STAG;Reference date;2018-12-31;DLAND;Länder;07;Rheinland-Pfalz;4084844;number;BEVSTD;Population;e
12411;Current updating of population figures;STAG;Reference date;2024-12-31;DLAND;Länder;16;Thüringen;2100277;number;BEVSTD;Population;e
12411;Current updating of population figures;STAG;Reference date;2023-12-31;DLAND;Länder;11;Berlin;3662381;number;BEVSTD;Population;e
12411;Current updating of population figures;STAG;Reference date;2017-12-31;DLAND;Länder;03;Niedersachsen;7962775;number;BEVSTD;Population;e
12411;Current updating of population figures;STAG;Reference date;2020-12-31;DLAND;Länder;12;Brandenburg;2531071;number;BEVSTD;Population;e
12411;Current updating of population figures;STAG;Reference date;2021-12-31;DLAND;Länder;06;Hessen;6295017;number;BEVSTD;Population;e
12411;Current updating of population figures;STAG;Reference date;2020-12-31;DLAND;Länder;01;Schleswig-Holstein;2910875;number;BEVSTD;Population;e
12411;Current updating of population figures;STAG;Reference date;2025-12-31;DLAND;Länder;08;Baden-Württemberg;11238761;number;BEVSTD;Population;e
12411;Current updating of population figures;STAG;Reference date;2025-12-31;DLAND;Länder;11;Berlin;3700577;number;BEVSTD;Population;e
12411;Current updating of population figures;STAG;Reference date;2017-12-31;DLAND;Länder;16;Thüringen;2151205;number;BEVSTD;Population;e
12411;Current updating of population figures;STAG;Reference date;2019-12-31;DLAND;Länder;15;Sachsen-Anhalt;2194782;number;BEVSTD;Population;e
12411;Current updating of population figures;STAG;Reference date;2016-12-31;DLAND;Länder;16;Thüringen;2158128;number;BEVSTD;Population;e
12411;Current updating of population figures;STAG;Reference date;2017-12-31;DLAND;Länder;05;Nordrhein-Westfalen;17912134;number;BEVSTD;Population;e
12411;Current updating of population figures;STAG;Reference date;2020-12-31;DLAND;Länder;10;Saarland;983991;number;BEVSTD;Population;e
12411;Current updating of population figures;STAG;Reference date;2019-12-31;DLAND;Länder;06;Hessen;6288080;number;BEVSTD;Population;e
12411;Current updating of population figures;STAG;Reference date;2016-12-31;DLAND;Länder;05;Nordrhein-Westfalen;17890100;number;BEVSTD;Population;e
12411;Current updating of population figures;STAG;Reference date;2018-12-31;DLAND;Länder;06;Hessen;6265809;number;BEVSTD;Population;e
12411;Current updating of population figures;STAG;Reference date;2019-12-31;DLAND;Länder;13;Mecklenburg-Vorpommern;1608138;number;BEVSTD;Population;e
12411;Current updating of population figures;STAG;Reference date;2016-12-31;DLAND;Länder;14;Sachsen;4081783;number;BEVSTD;Population;e
12411;Current updating of population figures;STAG;Reference date;2017-12-31;DLAND;Länder;07;Rheinland-Pfalz;4073679;number;BEVSTD;Population;e
12411;Current updating of population figures;STAG;Reference date;2018-12-31;DLAND;Länder;15;Sachsen-Anhalt;2208321;number;BEVSTD;Population;e
12411;Current updating of population figures;STAG;Reference date;2016-12-31;DLAND;Länder;03;Niedersachsen;7945685;number;BEVSTD;Population;e
12411;Current updating of population figures;STAG;Reference date;2022-12-31;DLAND;Länder;10;Saarland;1011891;number;BEVSTD;Population;e
12411;Current updating of population figures;STAG;Reference date;2024-12-31;DLAND;Länder;11;Berlin;3685265;number;BEVSTD;Population;e
12411;Current updating of population figures;STAG;Reference date;2018-12-31;DLAND;Länder;04;Bremen;682986;number;BEVSTD;Population;e
12411;Current updating of population figures;STAG;Reference date;2025-12-31;DLAND;Länder;15;Sachsen-Anhalt;2120252;number;BEVSTD;Population;e
12411;Current updating of population figures;STAG;Reference date;2019-12-31;DLAND;Länder;08;Baden-Württemberg;11100394;number;BEVSTD;Population;e
12411;Current updating of population figures;STAG;Reference date;2021-12-31;DLAND;Länder;01;Schleswig-Holstein;2922005;number;BEVSTD;Population;e
12411;Current updating of population figures;STAG;Reference date;2022-12-31;DLAND;Länder;01;Schleswig-Holstein;2939283;number;BEVSTD;Population;e
12411;Current updating of population figures;STAG;Reference date;2021-12-31;DLAND;Länder;12;Brandenburg;2537868;number;BEVSTD;Population;e
12411;Current updating of population figures;STAG;Reference date;2018-12-31;DLAND;Länder;13;Mecklenburg-Vorpommern;1609675;number;BEVSTD;Population;e
12411;Current updating of population figures;STAG;Reference date;2019-12-31;DLAND;Länder;02;Hamburg;1847253;number;BEVSTD;Population;e
12411;Current updating of population figures;STAG;Reference date;2017-12-31;DLAND;Länder;09;Bayern;12997204;number;BEVSTD;Population;e
12411;Current updating of population figures;STAG;Reference date;2022-12-31;DLAND;Länder;12;Brandenburg;2545159;number;BEVSTD;Population;e
12411;Current updating of population figures;STAG;Reference date;2016-12-31;DLAND;Länder;09;Bayern;12930751;number;BEVSTD;Population;e
12411;Current updating of population figures;STAG;Reference date;2018-12-31;DLAND;Länder;02;Hamburg;1841179;number;BEVSTD;Population;e
12411;Current updating of population figures;STAG;Reference date;2025-12-31;DLAND;Länder;02;Hamburg;1869473;number;BEVSTD;Population;e
12411;Current updating of population figures;STAG;Reference date;2023-12-31;DLAND;Länder;09;Bayern;13176426;number;BEVSTD;Population;e
12411;Current updating of population figures;STAG;Reference date;2025-12-31;DLAND;Länder;13;Mecklenburg-Vorpommern;1573685;number;BEVSTD;Population;e
12411;Current updating of population figures;STAG;Reference date;2020-12-31;DLAND;Länder;08;Baden-Württemberg;11103043;number;BEVSTD;Population;e
12411;Current updating of population figures;STAG;Reference date;2022-12-31;DLAND;Länder;03;Niedersachsen;7982947;number;BEVSTD;Population;e
12411;Current updating of population figures;STAG;Reference date;2021-12-31;DLAND;Länder;10;Saarland;982348;number;BEVSTD;Population;e
12411;Current updating of population figures;STAG;Reference date;2019-12-31;DLAND;Länder;04;Bremen;681202;number;BEVSTD;Population;e
12411;Current updating of population figures;STAG;Reference date;2018-12-31;DLAND;Länder;11;Berlin;3644826;number;BEVSTD;Population;e
12411;Current updating of population figures;STAG;Reference date;2023-12-31;DLAND;Länder;07;Rheinland-Pfalz;4125163;number;BEVSTD;Population;e
12411;Current updating of population figures;STAG;Reference date;2022-12-31;DLAND;Länder;14;Sachsen;4049967;number;BEVSTD;Population;e
12411;Current updating of population figures;STAG;Reference date;2016-12-31;DLAND;Länder;07;Rheinland-Pfalz;4066053;number;BEVSTD;Population;e
