regional key;city;area in km²;population
110000000000;Berlin;891.12;3685265.0
020000000000;Hamburg;755.09;1862565.0
091620000000;München;310.70;1505005.0
053150000000;Köln;405.02;1024621.0
064120000000;Frankfurt am Main;248.31;756021.0
051110000000;Düsseldorf;217.41;618685.0
081110000000;Stuttgart;207.33;612663.0
147130000000;Leipzig;297.80;611850.0
059130000000;Dortmund;280.71;603462.0
040110000000;Bremen;318.20;586271.0
051130000000;Essen;210.34;574682.0
146120000000;Dresden;328.48;564904.0
095640000000;Nürnberg;186.44;529508.0
032410001001;Hannover;204.30;522131.0
051120000000;Duisburg;232.84;502270.0
059110000000;Bochum;145.66;358676.0
051240000000;Wuppertal;168.39;358193.0
057110000000;Bielefeld;258.83;331605.0
053140000000;Bonn;141.06;323336.0
082220000000;Mannheim;144.97;318035.0
082120000000;Karlsruhe;173.42;309050.0
055150000000;Münster;303.28;308258.0
097610000000;Augsburg;146.85;301105.0
064140000000;Wiesbaden;203.87;288850.0
055130000000;Gelsenkirchen;104.94;267930.0
051160000000;Mönchengladbach;170.47;267213.0
053340002002;Aachen;160.85;262670.0
031010000000;Braunschweig;192.70;252962.0
010020000000;Kiel;118.65;252668.0
145110000000;Chemnitz;221.03;245618.0
150030000000;Magdeburg;201.68;244329.0
083110000000;Freiburg im Breisgau;153.04;237460.0
051140000000;Krefeld;137.77;231406.0
150020000000;Halle (Saale);135.56;226767.0
073150000000;Mainz;97.73;224684.0
160510000000;Erfurt;269.91;218793.0
010030000000;Lübeck;214.19;216889.0
051190000000;Oberhausen;77.09;213646.0
130030000000;Rostock;181.36;205307.0
066110000000;Kassel;106.79;197230.0
059140000000;Hagen;160.45;190384.0
120540000000;Potsdam;188.24;184754.0
100410100100;Saarbrücken;167.52;182971.0
059150000000;Hamm;226.66;179968.0
073140000000;Ludwigshafen am Rhein;77.43;177222.0
034030000000;Oldenburg (Oldenburg);103.09;176614.0
051170000000;Mülheim an der Ruhr;91.28;173050.0
053160000000;Leverkusen;78.87;168581.0
064110000000;Darmstadt;122.07;167029.0
034040000000;Osnabrück;119.80;166057.0
051220000000;Solingen;89.54;165626.0
057740032032;Paderborn;179.59;156378.0
059160000000;Herne;51.42;155851.0
082210000000;Heidelberg;108.83;155756.0
051620024024;Neuss;99.52;154317.0
093620000000;Regensburg;80.86;151389.0
091610000000;Ingolstadt;133.35;141185.0
082310000000;Pforzheim;97.99;134912.0
096630000000;Würzburg;87.60;133258.0
064130000000;Offenbach am Main;44.88;132746.0
095630000000;Fürth;63.35;132036.0
081210000000;Heilbronn;99.89;131986.0
084210000000;Ulm;118.68;129882.0
031030000000;Wolfsburg;204.62;129560.0
031590016016;Göttingen;117.02;127259.0
084150061061;Reutlingen;87.04;118852.0
040120000000;Bremerhaven;101.41;118610.0
055120000000;Bottrop;100.61;118535.0
095620000000;Erlangen;76.96;115928.0
055620032032;Recklinghausen;66.50;115344.0
051200000000;Remscheid;74.52;113828.0
071110000000;Koblenz;105.25;113378.0
053780004004;Bergisch Gladbach;83.09;111361.0
160530000000;Jena;114.77;109725.0
031020000000;Salzgitter;224.49;104970.0
072110000000;Trier;117.06;104342.0
059700040040;Siegen;114.69;102685.0
051700024024;Moers;67.64;101503.0
057540008008;Gütersloh;112.02;100479.0
073120000000;Kaiserslautern;139.70;100426.0
032540021021;Hildesheim;92.29;98510.0
130040000000;Schwerin;130.52;98308.0
064350014014;Hanau;76.28;97956.0
010010000000;Flensburg;56.73;96326.0
081160019019;Esslingen am Neckar;46.43;96182.0
160520000000;Gera;152.18;95608.0
120520000000;Cottbus/Chóśebuz;165.61;95123.0
053580008008;Düren;85.01;94568.0
081180048048;Ludwigsburg;43.34;92858.0
084160041041;Tübingen;108.07;92322.0
059620024024;Iserlohn;125.49;91811.0
059540036036;Witten;72.40;91808.0
083265004074;Villingen-Schwenningen;165.53;89756.0
051580028028;Ratingen;88.74;89368.0
065310005005;Gießen;72.61;89179.0
145240330330;Zwickau;102.58;87410.0
083355004043;Konstanz;54.12;86919.0
055620024024;Marl;87.76;86766.0
073190000000;Worms;108.73;86753.0
059780024024;Lünen;59.39;86163.0
057700024024;Minden;101.12;84013.0
010600063063;Norderstedt;58.10;82844.0
051580032032;Velbert;74.90;82463.0
034010000000;Delmenhorst;62.45;81406.0
010040000000;Neumünster;71.66;79809.0
051660032032;Viersen;91.10;78373.0
055660076076;Rheine;145.00;77209.0
094610000000;Bamberg;54.62;77150.0
053820068068;Troisdorf;62.00;75901.0
034050000000;Wilhelmshaven;107.11;75745.0
055620014014;Gladbeck;35.97;75499.0
150010000000;Dessau-Roßlau;245.78;75402.0
055620012012;Dorsten;171.20;75277.0
059580004004;Arnsberg;193.72;74879.0
033550022022;Lüneburg;70.50;74785.0
057660020020;Detmold;129.39;74278.0
120510000000;Brandenburg an der Havel;229.73;74113.0
065340014014;Marburg;123.91;73544.0
055620004004;Castrop-Rauxel;51.68;73282.0
055540008008;Bocholt;119.40;73257.0
096610000000;Aschaffenburg;62.45;73091.0
094620000000;Bayreuth;66.89;72940.0
092610000000;Landshut;65.83;71863.0
059620032032;Lüdenscheid;87.02;71212.0
059740028028;Lippstadt;113.68;68739.0
097630000000;Kempten (Allgäu);63.28;67645.0
081365001088;Aalen;146.58;67621.0
057580012012;Herford;79.15;67503.0
071380045045;Neuwied;86.50;67083.0
051700008008;Dinslaken;47.66;66993.0
033510006006;Celle;176.02;66834.0
053620032032;Kerpen;113.96;66585.0
051620008008;Grevenbroich;102.52;65983.0
160550000000;Weimar;84.47;65954.0
064330012012;Rüsselsheim am Main;58.29;65627.0
145230320320;Plauen;102.11;65599.0
066310009009;Fulda;104.05;65434.0
091630000000;Rosenheim;37.22;65274.0
081365007065;Schwäbisch Gmünd;113.81;64416.0
051620004004;Dormagen;85.50;63799.0
083175010096;Offenburg;78.37;62993.0
084355002016;Friedrichshafen;69.93;62796.0
097750135135;Neu-Ulm;80.95;62641.0
053620028028;Hürth;51.22;62160.0
053620008008;Bergheim;96.34;61611.0
081150045045;Sindelfingen;50.83;61422.0
055620020020;Herten;37.33;60941.0
051700048048;Wesel;122.56;60785.0
130710107107;Neubrandenburg;86.12;60344.0
053660016016;Euskirchen;139.49;60021.0
051580020020;Langenfeld (Rheinland);41.15;59975.0
032410005005;Garbsen;79.49;59903.0
081175005026;Göppingen;59.21;58937.0
059780036036;Unna;88.56;58333.0
032520006006;Hameln;102.53;58244.0
053340032032;Stolberg (Rhld.);98.48;57684.0
053340012012;Eschweiler;75.75;57534.0
081190079079;Waiblingen;42.75;57313.0
120530000000;Frankfurt (Oder);147.85;57107.0
051620022022;Meerbusch;64.40;57078.0
034560015015;Nordhorn;149.86;56973.0
082110000000;Baden-Baden;140.19;56881.0
064340001001;Bad Homburg v. d. Höhe;51.14;56688.0
053820056056;Sankt Augustin;34.22;56521.0
034540032032;Lingen (Ems);176.19;56498.0
053620036036;Pulheim;72.15;56150.0
130750039039;Greifswald;50.81;56092.0
146260110110;Görlitz;67.53;55186.0
051580016016;Hilden;25.95;55157.0
065320023023;Wetzlar;75.65;54665.0
096620000000;Schweinfurt;35.70;54481.0
071330006006;Bad Kreuznach;55.56;54168.0
032410010010;Langenhagen;71.97;54142.0
130730088088;Stralsund;54.59;54094.0
057660008008;Bad Salzuflen;100.05;53958.0
059540016016;Hattingen;71.67;53044.0
092620000000;Passau;69.56;53039.0
051540036036;Kleve;97.76;53028.0
073160000000;Neustadt an der Weinstraße;117.09;52945.0
055700004004;Ahlen;123.13;52666.0
031580037037;Wolfenbüttel;78.74;52604.0
053620024024;Frechen;45.06;52309.0
059620040040;Menden (Sauerland);86.10;52255.0
055660028028;Ibbenbüren;108.87;51803.0
081150003003;Böblingen;39.04;51483.0
083365003050;Lörrach;39.37;51349.0
010560015015;Elmshorn;21.36;51342.0
053740012012;Gummersbach;95.41;51290.0
031570006006;Peine;119.84;50987.0
083175007065;Lahr/Schwarzwald;69.84;50775.0
082165005043;Rastatt;58.98;50741.0
084365005064;Ravensburg;92.05;50628.0
057700004004;Bad Oeynhausen;64.83;50620.0
081355002019;Heidenheim an der Brenz;107.09;50618.0
055540020020;Gronau (Westf.);78.82;50547.0
033520011011;Cuxhaven;161.93;49697.0
073180000000;Speyer;42.71;49564.0
081150028028;Leonberg;48.73;49480.0
051660036036;Willich;67.80;49413.0
034020000000;Emden;112.34;49202.0
059780004004;Bergkamen;44.90;49143.0
120650256256;Oranienburg;163.69;49122.0
092630000000;Straubing;67.59;49002.0
091780124124;Freising;88.59;48928.0
053340004004;Alsdorf;31.68;48810.0
053620020020;Erftstadt;119.89;48772.0
033590038038;Stade;110.07;48633.0
053340016016;Herzogenrath;33.38;48574.0
073130000000;Landau in der Pfalz;82.94;48209.0
053820012012;Bornheim;82.69;48203.0
053820020020;Hennef (Sieg);105.89;48188.0
073110000000;Frankenthal (Pfalz);43.88;48140.0
057540028028;Rheda-Wiedenbrück;86.72;48030.0
055580016016;Dülmen;184.83;47989.0
082155003009;Bruchsal;93.04;47784.0
059740040040;Soest;85.81;47776.0
083355005075;Singen (Hohentwiel);61.77;47621.0
031530017017;Goslar;163.88;47419.0
100430114114;Neunkirchen;75.26;47344.0
091740115115;Dachau;34.96;47138.0
081190020020;Fellbach;27.71;47120.0
084175001079;Albstadt;134.40;46950.0
094640000000;Hof;58.02;46778.0
064340008008;Oberursel (Taunus);45.34;46736.0
034590024024;Melle;253.95;46436.0
160670029029;Gotha;69.58;46400.0
057580004004;Bünde;59.30;46365.0
081160077077;Filderstadt;38.55;46243.0
097620000000;Kaufbeuren;40.02;46193.0
082260096096;Weinheim;58.11;45852.0
059780028028;Schwerte;56.23;45821.0
120630080080;Falkensee;43.34;45720.0
084165003036;Rottenburg am Neckar;142.27;45677.0
053620012012;Brühl;36.12;45555.0
053700004004;Erkelenz;117.34;45315.0
064380011011;Rodgau;65.04;45277.0
150910375375;Wittenberg;241.77;45249.0
010560039039;Pinneberg;21.54;44865.0
032410012012;Neustadt am Rübenberge;358.96;44668.0
120600020020;Bernau bei Berlin;104.19;44597.0
032410011011;Lehrte;127.67;44255.0
097640000000;Memmingen;70.11;44192.0
051580004004;Erkrath;26.88;43706.0
051580026026;Monheim am Rhein;23.05;43630.0
081185002079;Bietigheim-Bissingen;31.29;43556.0
100450114114;Homburg;82.61;43382.0
130740087087;Wismar;41.73;43329.0
051620016016;Kaarst;37.39;43295.0
053700016016;Heinsberg;92.21;43163.0
055540012012;Borken;153.24;43035.0
031510009009;Gifhorn;105.39;42726.0
034520001001;Aurich;197.29;42612.0
081275009076;Schwäbisch Hall;104.19;42598.0
093610000000;Amberg;50.14;42553.0
053820060060;Siegburg;23.66;42445.0
093630000000;Weiden i.d.OPf.;70.57;42444.0
059780020020;Kamen;40.95;42319.0
081165001033;Kirchheim unter Teck;40.47;42299.0
051660016016;Nettetal;83.87;41955.0
032410009009;Laatzen;34.16;41838.0
033530005005;Buchholz in der Nordheide;74.76;41737.0
064380002002;Dreieich;53.27;41692.0
081195003067;Schorndorf;56.83;41647.0
145220180180;Freiberg;48.31;41519.0
120600052052;Eberswalde;93.63;41481.0
032410021021;Wunstorf;125.74;41211.0
053700020020;Hückelhoven;61.27;41192.0
081160078078;Leinfelden-Echterdingen;29.89;41185.0
064310002002;Bensheim;57.83;41124.0
093730147147;Neumarkt i.d.OPf.;79.01;41103.0
094630000000;Coburg;48.29;41064.0
100410519519;Völklingen;67.10;40952.0
091790123123;Germering;21.61;40916.0
033590010010;Buxtehude;76.69;40886.0
095650000000;Schwabach;40.80;40835.0
057580024024;Löhne;59.51;40826.0
081165005049;Nürtingen;46.88;40773.0
160620041041;Nordhausen;108.24;40767.0
160630105105;Eisenach;104.17;40747.0
095610000000;Ansbach;99.91;40742.0
053820024024;Königswinter;76.20;40574.0
055540004004;Ahaus;151.24;40176.0
053340036036;Würselen;34.39;40145.0
146285229270;Pirna;53.06;40128.0
057660044044;Lemgo;100.85;39905.0
081160080080;Ostfildern;22.81;39778.0
073170000000;Pirmasens;61.35;39761.0
083170057057;Kehl;75.07;39584.0
051580024024;Mettmann;42.56;39542.0
120610260260;Königs Wusterhausen;96.04;39360.0
146280110110;Freital;40.46;39281.0
064360007007;Hofheim am Taunus;57.43;39259.0
064350019019;Maintal;32.41;38987.0
160700029029;Ilmenau;198.69;38834.0
081195001008;Backnang;39.38;38818.0
064380006006;Langen (Hessen);29.12;38785.0
082150017017;Ettlingen;56.75;38578.0
053820044044;Niederkassel;35.79;38485.0
055580012012;Coesfeld;141.36;38237.0
051700020020;Kamp-Lintfort;63.14;38217.0
055660012012;Greven;140.26;38212.0
055620016016;Haltern am See;159.03;38142.0
053620040040;Wesseling;23.37;38106.0
150840550550;Weißenfels;113.96;37929.0
064380009009;Neu-Isenburg;24.29;37926.0
150850135135;Halberstadt;143.27;37898.0
150900535535;Stendal;269.24;37850.0
055700052052;Warendorf;176.88;37703.0
100440115115;Saarlouis;43.30;37667.0
146250020020;Bautzen / Budyšin;66.67;37566.0
091790121121;Fürstenfeldbruck;32.52;37420.0
034540041041;Papenburg;118.44;37206.0
091770117117;Erding;54.61;37171.0
055700008008;Beckum;111.46;37133.0
083275006050;Tuttlingen;90.45;37109.0
082265008085;Sinsheim;126.99;37036.0
033530040040;Winsen (Luhe);109.77;36961.0
034540035035;Meppen;188.40;36930.0
150820015015;Bitterfeld-Wolfen;87.23;36592.0
034530004004;Cloppenburg;70.86;36565.0
057700032032;Porta Westfalica;105.22;36521.0
160640046046;Mühlhausen/Thüringen;151.03;36353.0
055660008008;Emsdetten;72.06;36159.0
064400003003;Bad Vilbel;25.68;35961.0
065330009009;Limburg a. d. Lahn;45.16;35938.0
081275002014;Crailsheim;109.08;35755.0
051700044044;Voerde (Niederrhein);53.49;35661.0
084175002002;Balingen;90.32;35623.0
064380001001;Dietzenbach;21.68;35561.0
055620008008;Datteln;66.10;35473.0
100450117117;St. Ingbert;49.95;35453.0
057660040040;Lage;76.04;35054.0
092710119119;Deggendorf;77.14;35044.0
073390030030;Ingelheim am Rhein;73.31;35016.0
059620016016;Hemer;67.66;35005.0
051540012012;Geldern;96.97;34962.0
010560050050;Wedel;33.81;34912.0
051540016016;Goch;115.43;34907.0
053580024024;Jülich;90.39;34890.0
055660084084;Steinfurt;111.67;34860.0
160540000000;Suhl;141.62;34685.0
083365004069;Rheinfelden (Baden);62.84;34674.0
051620020020;Korschenbroich;55.24;34600.0
084265003021;Biberach an der Riß;72.15;34576.0
010620001001;Ahrensburg;35.29;34534.0
064310020020;Viernheim;48.41;34426.0
150880220220;Merseburg;53.87;34392.0
053780032032;Wermelskirchen;74.80;34375.0
032410015015;Seelze;54.08;34364.0
081155003021;Herrenberg;65.70;34192.0
051660012012;Kempen;68.80;34105.0
034570013013;Leer (Ostfriesland);70.11;34025.0
081180046046;Kornwestheim;14.65;33980.0
032410002002;Barsinghausen;102.81;33941.0
120735051532;Schwedt/Oder;360.74;33730.0
034600009009;Vechta;87.89;33728.0
010530032032;Geesthacht;33.25;33519.0
073200000000;Zweibrücken;70.64;33323.0
094740126126;Forchheim;44.44;33017.0
146270210210;Radebeul;26.14;32979.0
064400002002;Bad Nauheim;32.54;32894.0
033610001001;Achim;68.06;32870.0
033600025025;Uelzen;136.84;32821.0
010610046046;Itzehoe;28.54;32725.0
032560022022;Nienburg (Weser);64.53;32608.0
064310013013;Lampertheim;72.27;32400.0
083360091091;Weil am Rhein;19.46;32236.0
150850370370;Wernigerode;170.50;32167.0
057740020020;Delbrück;157.28;32166.0
120670144144;Fürstenwalde/Spree;70.67;32002.0
120680320320;Neuruppin;305.19;31962.0
150840355355;Naumburg (Saale);130.25;31940.0
051540008008;Emmerich am Rhein;80.40;31829.0
083350063063;Radolfzell am Bodensee;58.55;31734.0
100420113113;Merzig;108.98;31697.0
064330008008;Mörfelden-Walldorf;44.13;31638.0
055620028028;Oer-Erkenschwick;38.66;31404.0
034590019019;Georgsmarienhütte;55.49;31244.0
051700032032;Rheinberg;75.24;31172.0
033520062062;Geestland;356.56;31093.0
160770001001;Altenburg;45.69;31093.0
032410003003;Burgdorf;112.56;31051.0
033580024024;Walsrode;336.46;31019.0
150890030030;Bernburg (Saale);113.92;30992.0
053820028028;Lohmar;65.62;30992.0
059700024024;Kreuztal;71.07;30905.0
066320002002;Bad Hersfeld;73.87;30846.0
146250240240;Hoyerswerda / Wojerecy;94.99;30759.0
010580135135;Rendsburg;23.75;30633.0
150890305305;Schönebeck (Elbe);86.52;30419.0
064400008008;Friedberg (Hessen);50.18;30409.0
082155002007;Bretten;71.10;30274.0
059780040040;Werne;76.14;30202.0
071340045045;Idar-Oberstein;91.58;30170.0
064390015015;Taunusstein;67.02;30145.0
091850149149;Neuburg a.d.Donau;81.29;30135.0
055700028028;Oelde;102.77;30129.0
051580008008;Haan;24.19;30086.0
057540032032;Rietberg;110.31;30055.0
071370003003;Andernach;53.34;30039.0
059540012012;Gevelsberg;26.34;30006.0
097710130130;Friedberg;81.25;29953.0
093760161161;Schwandorf;123.80;29877.0
081195006085;Winnenden;28.05;29876.0
031550013013;Einbeck;231.92;29751.0
033560007007;Osterholz-Scharmbeck;147.17;29710.0
059580032032;Meschede;218.52;29615.0
059740052052;Werl;76.35;29600.0
082160015015;Gaggenau;65.01;29529.0
120720240240;Ludwigsfelde;109.99;29514.0
083165003011;Emmendingen;33.78;29502.0
059540008008;Ennepetal;57.77;29446.0
146270230230;Riesa;58.91;29373.0
064320008008;Griesheim;21.55;29309.0
091810130130;Landsberg am Lech;57.90;29257.0
051660028028;Tönisvorst;44.34;29251.0
053340008008;Baesweiler;27.84;29206.0
064380008008;Mühlheim am Main;20.67;29194.0
053660028028;Mechernich;136.48;29187.0
055620036036;Waltrop;47.09;29177.0
160730077077;Saalfeld/Saale;145.56;29086.0
130720043043;Güstrow;71.09;28959.0
081185008073;Vaihingen an der Enz;73.40;28798.0
064380012012;Rödermark;29.99;28753.0
146270140140;Meißen;30.92;28753.0
053780028028;Rösrath;38.80;28709.0
032410017017;Springe;160.13;28669.0
160700004004;Arnstadt;104.99;28615.0
082165002007;Bühl;73.18;28608.0
053700012012;Geilenkirchen;83.16;28494.0
091840149149;Unterschleißheim;14.93;28482.0
064360005005;Hattersheim am Main;15.80;28467.0
084365007081;Wangen im Allgäu;101.35;28412.0
150840590590;Zeitz;87.74;28328.0
051540032032;Kevelaer;100.64;28296.0
010620060060;Reinbek;31.27;28274.0
034590014014;Bramsche;183.39;28220.0
064360008008;Kelkheim (Taunus);30.73;28175.0
057620020020;Höxter;158.16;28166.0
053700040040;Wegberg;84.34;28089.0
034600006006;Lohne (Oldenburg);91.11;28089.0
053780016016;Leichlingen (Rheinland);37.26;28078.0
071310007007;Bad Neuenahr-Ahrweiler;63.25;27961.0
059540024024;Schwelm;20.50;27953.0
066330003003;Baunatal;38.27;27929.0
097720163163;Königsbrunn;18.48;27879.0
064310011011;Heppenheim (Bergstraße);52.12;27864.0
081175004024;Geislingen an der Steige;75.83;27791.0
084255005033;Ehingen (Donau);178.33;27764.0
082265010098;Wiesloch;30.24;27731.0
120640472472;Strausberg;67.94;27719.0
120690616616;Teltow;21.59;27682.0
059580044044;Sundern (Sauerland);193.27;27654.0
147290160160;Grimma;218.23;27529.0
031550011011;Northeim;145.85;27326.0
091790142142;Olching;29.92;27310.0
051700028028;Neukirchen-Vluyn;43.50;27140.0
033610012012;Verden (Aller);71.70;27121.0
081190091091;Weinstadt;31.71;27074.0
120690656656;Werder (Havel);117.12;27065.0
064400005005;Butzbach;106.60;27046.0
091860143143;Pfaffenhofen a.d.Ilm;92.63;26996.0
053820048048;Rheinbach;69.72;26918.0
051700012012;Hamminkeln;164.53;26873.0
082260041041;Leimen;20.64;26873.0
120650144144;Hohen Neuendorf;48.56;26857.0
057700020020;Lübbecke;65.04;26815.0
082365004040;Mühlacker;54.32;26787.0
083175001001;Achern;65.24;26733.0
120650136136;Hennigsdorf;31.48;26677.0
053780024024;Overath;68.88;26663.0
094770128128;Kulmbach;92.77;26625.0
064320023023;Weiterstadt;34.40;26583.0
081255008065;Neckarsulm;24.94;26431.0
057540036036;Schloß Holte-Stukenbrock;67.52;26297.0
051580012012;Heiligenhaus;27.52;26252.0
095730134134;Zirndorf;28.79;26243.0
081180081081;Remseck am Neckar;22.82;26188.0
095740138138;Lauf a.d.Pegnitz;59.86;26106.0
059540032032;Wetter (Ruhr);31.55;26090.0
091730126126;Geretsried;24.60;25997.0
059780032032;Selm;60.41;25969.0
147300070070;Delitzsch;85.92;25895.0
034610007007;Nordenham;87.77;25889.0
064340002002;Friedrichsdorf;30.13;25871.0
097760116116;Lindau (Bodensee);33.06;25845.0
057540044044;Verl;71.37;25762.0
091830148148;Waldkraiburg;21.56;25737.0
064390008008;Idstein;79.76;25736.0
081265005066;Öhringen;67.79;25673.0
082375003040;Horb am Neckar;119.76;25651.0
150890015015;Aschersleben;156.83;25647.0
032570031031;Rinteln;109.02;25602.0
057700008008;Espelkamp;84.21;25576.0
057540016016;Harsewinkel;100.59;25523.0
095760143143;Roth;96.33;25458.0
100460117117;St. Wendel;113.54;25441.0
057740036036;Salzkotten;109.80;25429.0
059580012012;Brilon;229.16;25424.0
064320018018;Pfungstadt;42.54;25415.0
150870370370;Sangerhausen;208.46;25392.0
064330006006;Groß-Gerau;54.47;25388.0
073390005005;Bingen am Rhein;37.68;25384.0
010590075075;Schleswig;24.30;25352.0
057700028028;Petershagen;211.94;25340.0
147290260260;Markkleeberg;31.47;25331.0
053620004004;Bedburg;80.42;25316.0
064380010010;Obertshausen;13.62;25316.0
146260610610;Zittau;66.75;25286.0
032510041041;Syke;128.11;25270.0
055580024024;Lüdinghausen;140.54;25265.0
082150109109;Stutensee;45.68;25259.0
034520019019;Norden;106.33;25178.0
053740048048;Wiehl;53.26;25164.0
031540028028;Helmstedt;66.74;25099.0
120630252252;Rathenow;113.10;25087.0
053820008008;Bad Honnef;48.14;25061.0
083375007126;Waldshut-Tiengen;77.96;25019.0
160665050042;Meiningen;123.03;25002.0
082355006085;Calw;59.88;25001.0
081365003019;Ellwangen (Jagst);127.38;25001.0
059740044044;Warstein;158.05;24988.0
083255003049;Rottweil;71.76;24985.0
084365005082;Weingarten;12.16;24940.0
053820032032;Meckenheim;34.84;24925.0
160730076076;Rudolstadt;135.17;24852.0
010620004004;Bad Oldesloe;52.59;24846.0
059580040040;Schmallenberg;303.10;24711.0
034550026026;Varel;113.75;24704.0
120670120120;Eisenhüttenstadt;63.47;24703.0
059660024024;Olpe;85.88;24695.0
091880139139;Starnberg;61.85;24471.0
082375002028;Freudenstadt;87.54;24464.0
082255005058;Mosbach;62.16;24459.0
059620052052;Plettenberg;96.75;24429.0
034540018018;Haren (Ems);208.79;24365.0
053700028028;Übach-Palenberg;26.09;24277.0
059660020020;Lennestadt;135.59;24238.0
095720132132;Herzogenaurach;47.62;24237.0
059540028028;Sprockhövel;47.94;24232.0
084365004055;Leutkirch im Allgäu;174.97;24226.0
150820180180;Köthen (Anhalt);77.85;24110.0
010540056056;Husum;25.80;24090.0
081285001007;Bad Mergentheim;129.96;24023.0
034510007007;Westerstede;179.55;23938.0
051620012012;Jüchen;71.77;23926.0
082355007046;Nagold;63.10;23864.0
145220080080;Döbeln;91.75;23819.0
032410014014;Ronnenberg;37.82;23814.0
145245114180;Limbach-Oberfrohna;50.21;23673.0
097750152152;Senden;25.21;23641.0
059660004004;Attendorn;97.92;23554.0
010600044044;Kaltenkirchen;23.11;23502.0
031590017017;Hann. Münden;121.17;23478.0
120660304304;Senftenberg/Zły Komorow;127.56;23466.0
032410016016;Sehnde;103.58;23431.0
097720147147;Gersthofen;34.01;23427.0
064350010010;Gelnhausen;45.15;23290.0
091900157157;Weilheim i.OB;55.50;23279.0
057620036036;Warburg;168.84;23252.0
096720114114;Bad Kissingen;69.92;23223.0
150890310310;Staßfurt;147.18;23181.0
084155002050;Metzingen;34.55;23178.0
064330011011;Riedstadt;73.73;23146.0
150850235235;Quedlinburg;120.79;23139.0
033570039039;Rotenburg (Wümme);99.06;23117.0
064360001001;Bad Soden am Taunus;12.50;23103.0
055540068068;Vreden;135.83;23099.0
059700032032;Netphen;137.39;23080.0
065320006006;Dillenburg;83.76;22974.0
150810455455;Salzwedel;306.15;22964.0
096750141141;Kitzingen;46.99;22936.0
097720184184;Neusäß;25.22;22904.0
066350015015;Korbach;124.11;22901.0
081280131131;Wertheim;138.59;22874.0
160720018018;Sonneberg;84.69;22843.0
084265005070;Laupheim;61.79;22839.0
160710001001;Apolda;46.26;22787.0
059540020020;Herdecke;22.39;22772.0
084355007059;Überlingen;58.64;22735.0
081255002006;Bad Rappenau;73.56;22703.0
034530007007;Friesoythe;247.50;22685.0
081255004026;Eppingen;88.58;22666.0
081180011011;Ditzingen;30.38;22666.0
032570035035;Stadthagen;60.27;22638.0
064400012012;Karben;43.94;22600.0
150860015015;Burg;165.55;22585.0
160635051003;Bad Salzungen;152.02;22557.0
055660040040;Lengerich;90.79;22557.0
010560041041;Quickborn;43.16;22521.0
033580021021;Soltau;203.77;22511.0
150870130130;Eisleben;144.74;22505.0
091830128128;Mühldorf a.Inn;29.42;22503.0
082150106106;Waghäusel;42.84;22466.0
064400004004;Büdingen;122.88;22411.0
064360003003;Eschborn;12.13;22403.0
081175003019;Eislingen/Fils;16.41;22325.0
097710113113;Aichach;92.83;22015.0
010510044044;Heide;31.97;22002.0
051540044044;Rees;109.86;21913.0
150810135135;Gardelegen;636.27;21822.0
083265001012;Donaueschingen;104.69;21790.0
053660044044;Zülpich;101.01;21780.0
082260084084;Schwetzingen;21.50;21767.0
083155001006;Bad Krozingen;35.69;21755.0
084165002025;Mössingen;50.03;21751.0
097800139139;Sonthofen;46.55;21734.0
073340007007;Germersheim;21.68;21715.0
082265004032;Hockenheim;34.84;21623.0
053740052052;Wipperfürth;118.30;21604.0
031590026026;Osterode am Harz;102.54;21598.0
057740016016;Büren;170.99;21593.0
053740036036;Radevormwald;53.86;21565.0
010580043043;Eckernförde;21.58;21563.0
100440111111;Dillingen/ Saar;22.05;21529.0
057540048048;Versmold;85.57;21513.0
083165006056;Waldkirch;48.47;21510.0
145240080080;Glauchau;51.62;21442.0
065340018018;Stadtallendorf;78.24;21425.0
053620016016;Elsdorf;66.17;21424.0
097740135135;Günzburg;55.40;21423.0
120720477477;Zossen;180.38;21412.0
057540012012;Halle (Westf.);69.70;21393.0
073380025025;Schifferstadt;28.06;21387.0
064360004004;Flörsheim am Main;22.99;21344.0
064380013013;Seligenstadt;30.85;21298.0
082150108108;Rheinstetten;32.31;21267.0
064320010010;Groß-Umstadt;86.84;21245.0
051700052052;Xanten;72.43;21179.0
034580014014;Wildeshausen;89.70;21155.0
120710372372;Spremberg/Grodk;202.32;21140.0
150820430430;Zerbst/Anhalt;470.91;21124.0
120720232232;Luckenwalde;46.61;21010.0
034550015015;Schortens;68.79;20995.0
055540056056;Stadtlohn;79.25;20946.0
059740020020;Geseke;97.89;20930.0
160650067067;Sondershausen;201.21;20910.0
091890155155;Traunstein;48.57;20877.0
091790145145;Puchheim;12.24;20858.0
084365002009;Bad Waldsee;108.55;20838.0
092790112112;Dingolfing;44.00;20749.0
051580036036;Wülfrath;32.27;20731.0
057580008008;Enger;41.24;20688.0
083255005053;Schramberg;80.70;20610.0
084355006057;Tettnang;71.25;20520.0
145240300300;Werdau;65.62;20520.0
064350006006;Bruchköbel;29.88;20509.0
059780012012;Fröndenberg/Ruhr;56.23;20504.0
094780139139;Lichtenfels;122.16;20488.0
146270010010;Coswig;25.88;20479.0
065320012012;Herborn;63.76;20421.0
055660068068;Ochtrup;105.63;20394.0
032410004004;Burgwedel;152.85;20379.0
091890154154;Traunreut;45.06;20379.0
031590010010;Duderstadt;95.64;20375.0
097790194194;Nördlingen;68.09;20352.0
083365007081;Schopfheim;67.93;20332.0
130710156156;Waren (Müritz);159.46;20260.0
100450112112;Blieskastel;108.21;20197.0
130710110110;Neustrelitz;139.89;20191.0
055660016016;Hörstel;107.54;20166.0
147290050050;Borna;62.45;20131.0
064350021021;Nidderau;46.73;20119.0
083155012074;Müllheim im Markgräflerland;57.91;20097.0
055700044044;Telgte;90.90;20069.0
034620019019;Wittmund;210.16;20037.0
059620036036;Meinerzhagen;115.69;20019.0
091780143143;Moosburg a.d.Isar;43.85;20012.0
147305311310;Torgau;102.82;19992.0
097790131131;Donauwörth;77.04;19990.0
081355001016;Giengen an der Brenz;44.07;19967.0
160610115115;Leinefelde-Worbis;115.79;19957.0
010550004004;Bad Schwartau;18.39;19954.0
010560044044;Schenefeld;9.99;19909.0
081255001005;Bad Friedrichshall;24.71;19853.0
083175009089;Oberkirch;69.10;19847.0
055700020020;Ennigerloh;125.56;19841.0
091730112112;Bad Tölz;30.80;19826.0
084175004031;Hechingen;66.41;19807.0
097730125125;Dillingen a.d.Donau;75.59;19806.0
145235125340;Reichenbach im Vogtland;34.47;19797.0
053740044044;Waldbröl;63.32;19795.0
160760022022;Greiz;84.86;19766.0
084150059059;Pfullingen;30.14;19759.0
032520003003;Bad Pyrmont;61.99;19722.0
053700036036;Wassenberg;42.43;19713.0
071370068068;Mayen;58.19;19713.0
120630208208;Nauen;268.15;19679.0
055540048048;Rhede;78.90;19674.0
091730147147;Wolfratshausen;9.13;19658.0
081180080080;Korntal-Münchingen;20.71;19654.0
010530090090;Mölln;25.05;19627.0
091710112112;Burghausen;19.81;19558.0
059580024024;Marsberg;182.22;19555.0
031530002002;Bad Harzburg;65.52;19489.0
073310003003;Alzey;35.22;19468.0
100440112112;Lebach;64.21;19468.0
032540028028;Sarstedt;43.00;19405.0
093710151151;Sulzbach-Rosenberg;53.12;19379.0
081150050050;Weil der Stadt;43.17;19353.0
160660063063;Schmalkalden;105.38;19323.0
064380005005;Heusenstamm;19.03;19312.0
053780008008;Burscheid;27.33;19272.0
032570009009;Bückeburg;68.90;19221.0
073320002002;Bad Dürkheim;102.55;19159.0
150830270270;Haldensleben;157.13;19121.0
091870150150;Kolbermoor;19.83;19094.0
057620004004;Bad Driburg;115.30;19080.0
072310134134;Wittlich;49.64;19049.0
033580019019;Schneverdingen;234.92;19016.0
150850055055;Blankenburg (Harz);149.21;18970.0
032410007007;Hemmingen;31.73;18932.0
120730452452;Prenzlau;142.97;18928.0
032550023023;Holzminden;88.23;18921.0
147300270270;Schkeuditz;81.47;18905.0
065320011011;Haiger;106.73;18888.0
145210035035;Aue-Bad Schlema;36.43;18868.0
150830415415;Oschersleben (Bode);189.88;18859.0
010560049049;Uetersen;11.43;18827.0
145210020020;Annaberg-Buchholz;28.15;18815.0
066360003003;Eschwege;63.26;18743.0
071410075075;Lahnstein;37.62;18719.0
146250480480;Radeberg;29.83;18683.0
010620018018;Glinde;11.21;18681.0
064340006006;Kronberg im Taunus;18.58;18671.0
031530012012;Seesen;102.33;18657.0
081180076076;Sachsenheim;57.92;18638.0
053740004004;Bergneustadt;37.89;18628.0
097770151151;Marktoberdorf;95.15;18617.0
032520007007;Hessisch Oldendorf;120.32;18567.0
081150041041;Renningen;31.15;18567.0
033570008008;Bremervörde;150.42;18564.0
160680051051;Sömmerda;87.56;18503.0
091870117117;Bad Aibling;41.40;18497.0
097750129129;Illertissen;36.39;18433.0
064360006006;Hochheim am Main;19.47;18422.0
066340022022;Schwalmstadt;84.79;18420.0
059700004004;Bad Berleburg;275.52;18400.0
010600005005;Bad Segeberg;18.87;18399.0
081180019019;Gerlingen;17.01;18392.0
073340501501;Wörth am Rhein;131.62;18387.0
100410515515;Püttlingen;23.95;18361.0
095770177177;Weißenburg i.Bay.;97.58;18345.0
057580036036;Vlotho;76.93;18335.0
053660004004;Bad Münstereifel;150.83;18297.0
091720114114;Bad Reichenhall;41.92;18288.0
145245104030;Crimmitschau;61.14;18272.0
160610045045;Heilbad Heiligenstadt;91.49;18230.0
082250014014;Buchen (Odenwald);138.93;18226.0
146270060060;Großenhain;130.36;18183.0
072355003068;Konz;44.57;18121.0
092750154154;Vilshofen an der Donau;86.29;18084.0
096710111111;Alzenau;59.30;18034.0
032540002002;Alfeld (Leine);72.88;17956.0
097720125125;Bobingen;50.26;17905.0
130760108108;Parchim;124.81;17893.0
084375005100;Bad Saulgau;97.34;17889.0
091850158158;Schrobenhausen;75.26;17815.0
064310005005;Bürstadt;34.46;17804.0
100450111111;Bexbach;31.09;17793.0
083375005096;Bad Säckingen;25.35;17767.0
071370203203;Bendorf;24.12;17726.0
064320002002;Babenhausen;66.85;17695.0
065310014014;Pohlheim;38.00;17677.0
066330026026;Vellmar;13.97;17663.0
091840119119;Garching b.München;28.17;17656.0
032510012012;Diepholz;104.70;17648.0
095730122122;Oberasbach;12.09;17647.0
083355006079;Stockach;69.73;17646.0
066350011011;Frankenberg (Eder);124.86;17635.0
091720118118;Freilassing;14.81;17619.0
059620060060;Werdohl;33.38;17618.0
071310070070;Remagen;33.21;17603.0
034600002002;Damme;104.39;17508.0
083275005049;Trossingen;24.20;17489.0
093720116116;Cham;80.69;17433.0
055540016016;Gescher;80.84;17433.0
066350003003;Bad Wildungen;120.10;17364.0
059700016016;Freudenberg;54.60;17355.0
057660032032;Horn-Bad Meinberg;90.15;17320.0
145230020020;Auerbach/Vogtl.;55.52;17314.0
010550012012;Eutin;41.38;17275.0
032520002002;Bad Münder am Deister;107.97;17261.0
071310077077;Sinzig;41.10;17256.0
057740008008;Bad Lippspringe;51.01;17252.0
057660056056;Oerlinghausen;32.69;17233.0
120710076076;Forst (Lausitz)/Baršć (Łužyca);110.69;17155.0
094790136136;Marktredwitz;49.52;17121.0
092730137137;Kelheim;100.23;17066.0
064400016016;Nidda;118.33;17060.0
120700424424;Wittenberge;50.63;17058.0
064390003003;Eltville am Rhein;46.77;17031.0
091900141141;Penzberg;25.73;17028.0
010530116116;Schwarzenbek;11.65;16999.0
066310015015;Hünfeld;119.75;16955.0
097780116116;Bad Wörishofen;57.79;16933.0
146250250250;Kamenz / Kamjenc;98.30;16918.0
084375006104;Sigmaringen;92.84;16884.0
034560001001;Bad Bentheim;99.99;16798.0
150850330330;Thale;137.94;16788.0
081255003013;Brackenheim;45.75;16774.0
160640003003;Bad Langensalza;129.37;16717.0
146280160160;Heidenau;11.07;16686.0
064340005005;Königstein im Taunus;25.05;16680.0
095770136136;Gunzenhausen;82.72;16665.0
064330007007;Kelsterbach;15.41;16622.0
059620004004;Altena;44.42;16621.0
094760145145;Kronach;66.98;16616.0
032510007007;Bassum;168.85;16604.0
084250141141;Blaustein;55.61;16581.0
147300110110;Eilenburg;46.85;16539.0
064320019019;Reinheim;27.70;16503.0
010570062062;Preetz;14.40;16503.0
064330005005;Ginsheim-Gustavsburg;13.94;16488.0
083155002015;Breisach am Rhein;54.59;16487.0
051540052052;Straelen;74.00;16458.0
100420116116;Wadern;111.22;16453.0
059620028028;Kierspe;71.91;16450.0
092750141141;Pocking;68.86;16414.0
100410518518;Sulzbach/ Saar;16.07;16376.0
081265003046;Künzelsau;75.18;16348.0
059620012012;Halver;77.23;16322.0
059740016016;Erwitte;89.41;16300.0
055700016016;Drensteinfurt;106.60;16282.0
065340011011;Kirchhain;90.95;16254.0
010620006006;Bargteheide;15.82;16245.0
147290410410;Wurzen;69.00;16238.0
057700040040;Rahden;137.48;16195.0
147290270270;Markranstädt;58.46;16194.0
057620016016;Brakel;173.92;16193.0
082260095095;Walldorf;19.91;16188.0
145210390390;Marienberg;133.49;16139.0
066350002002;Bad Arolsen;126.47;16050.0
081165009071;Wendlingen am Neckar;12.15;15988.0
010550032032;Neustadt in Holstein;19.73;15930.0
064350007007;Erlensee;18.58;15907.0
147300300300;Taucha;33.22;15866.0
064320004004;Dieburg;23.08;15798.0
120710160160;Guben;43.99;15794.0
120660196196;Lübbenau/Spreewald / Lubnjow/Błota;139.51;15778.0
071400501501;Boppard;74.88;15771.0
064350025025;Schlüchtern;113.30;15723.0
064340011011;Usingen;55.81;15683.0
160765054087;Zeulenroda-Triebes;135.14;15677.0
082260018018;Eppelheim;5.70;15663.0
097720202202;Stadtbergen;11.49;15649.0
120730572572;Templin;379.59;15590.0
072320018018;Bitburg;47.55;15554.0
097780173173;Mindelheim;56.42;15531.0
081185004078;Freiberg am Neckar;13.14;15520.0
120620140140;Finsterwalde;77.52;15496.0
057660016016;Blomberg;99.10;15485.0
095740112112;Altdorf b.Nürnberg;48.59;15478.0
145210550550;Schwarzenberg/Erzgeb.;46.31;15475.0
081185005049;Marbach am Neckar;18.06;15474.0
064360011011;Schwalbach am Taunus;6.47;15443.0
010600004004;Bad Bramstedt;24.14;15439.0
096730114114;Bad Neustadt a.d.Saale;36.90;15434.0
081175002018;Ebersbach an der Fils;26.26;15420.0
064370011011;Michelstadt;86.98;15396.0
031540013013;Königslutter am Elm;131.13;15395.0
130735361075;Ribnitz-Damgarten;122.83;15333.0
065350001001;Alsfeld;129.71;15307.0
032410006006;Gehrden;43.27;15301.0
064330010010;Raunheim;12.60;15297.0
097770129129;Füssen;43.50;15287.0
097720200200;Schwabmünchen;55.50;15277.0
084255008072;Langenau;75.03;15274.0
092730147147;Mainburg;61.54;15271.0
034570021021;Weener;81.23;15215.0
082260082082;Schriesheim;31.61;15209.0
034610002002;Brake (Unterweser);38.30;15200.0
084360049049;Isny im Allgäu;85.39;15145.0
066360016016;Witzenhausen;126.78;15132.0
064320016016;Ober-Ramstadt;41.88;15078.0
033580016016;Munster;194.52;15062.0
092730111111;Abensberg;60.26;15061.0
010530100100;Ratzeburg;30.29;15026.0
146265242600;Weißwasser/O.L.;63.43;15002.0
096770155155;Lohr a.Main;90.42;14996.0
084360010010;Bad Wurzach;182.24;14942.0
071435004048;Montabaur;33.77;14884.0
095730127127;Stein;19.51;14866.0
083255002045;Oberndorf am Neckar;55.92;14853.0
094730151151;Neustadt b.Coburg;61.89;14824.0
092790122122;Landau a.d.Isar;84.40;14801.0
092730152152;Neustadt a.d.Donau;93.53;14778.0
034550007007;Jever;42.24;14774.0
084155003053;Münsingen;116.93;14772.0
150880195195;Landsberg;125.99;14772.0
091770115115;Dorfen;99.56;14759.0
094790152152;Selb;86.07;14743.0
096770148148;Karlstadt;98.15;14739.0
082265001013;Eberbach;81.15;14727.0
066340009009;Homberg (Efze);100.11;14703.0
059580036036;Olsberg;118.00;14700.0
032410013013;Pattensen;67.12;14666.0
057580032032;Spenge;40.35;14620.0
082150097097;Kraichtal;80.59;14602.0
031530019019;Langelsheim;108.76;14599.0
010560048048;Tornesch;20.61;14588.0
146280410410;Wilsdruff;81.60;14583.0
093760119119;Burglengenfeld;93.26;14569.0
055700036036;Sassenberg;78.08;14558.0
081190044044;Murrhardt;71.15;14551.0
051540024024;Kalkar;88.20;14513.0
066340005005;Fritzlar;88.81;14493.0
081165006056;Plochingen;10.64;14487.0
065320001001;Aßlar;43.57;14482.0
053740016016;Hückeswagen;50.52;14480.0
146265220290;Löbau;78.90;14467.0
064350017017;Langenselbold;26.23;14440.0
066330013013;Hofgeismar;86.37;14439.0
073320024024;Grünstadt;18.09;14419.0
059700020020;Hilchenbach;81.12;14412.0
082165004017;Gernsbach;82.03;14405.0
097800124124;Immenstadt i.Allgäu;81.44;14391.0
064340007007;Neu-Anspach;36.12;14342.0
034530011011;Löningen;143.52;14307.0
081175010051;Uhingen;24.79;14304.0
084355003034;Markdorf;40.91;14300.0
064310016016;Lorsch;25.24;14283.0
092770116116;Eggenfelden;44.35;14271.0
065330003003;Bad Camberg;54.60;14268.0
100430115115;Ottweiler;45.56;14255.0
120730008008;Angermünde;324.24;14233.0
093750174174;Neutraubling;9.75;14224.0
097750164164;Weißenhorn;53.72;14186.0
081155004024;Holzgerlingen;13.39;14184.0
147300230230;Oschatz;55.44;14184.0
081280139139;Lauda-Königshofen;94.44;14180.0
097740150150;Krumbach (Schwaben);44.64;14178.0
065310011011;Lich;77.61;14167.0
055700040040;Sendenhorst;96.95;14167.0
084250039039;Erbach;63.29;14140.0
081180050050;Markgröningen;28.17;14138.0
150880205205;Leuna;88.12;14131.0
150820340340;Sandersdorf-Brehna;82.16;14130.0
010570091091;Schwentinental;17.81;14091.0
097750162162;Vöhringen;23.69;14044.0
120660176176;Lauchhammer;89.30;14042.0
120610316316;Lübben (Spreewald) / Lubin (Błota);120.85;14028.0
034595401030;Quakenbrück;17.96;14007.0
066340014014;Melsungen;63.09;13994.0
033575408057;Zeven;74.13;13958.0
091750122122;Grafing b.München;29.58;13942.0
064370006006;Erbach;61.52;13935.0
146280060060;Dippoldiswalde;103.99;13915.0
031530018018;Clausthal-Zellerfeld;43.69;13912.0
091760123123;Eichstätt;47.79;13891.0
120690017017;Beelitz;181.31;13879.0
034520025025;Wiesmoor;82.94;13875.0
095720135135;Höchstadt a.d.Aisch;70.87;13867.0
096740147147;Haßfurt;52.66;13867.0
145225119360;Mittweida;41.26;13839.0
097775748121;Buchloe;36.18;13815.0
120680468468;Wittstock/Dosse;420.21;13804.0
145240120120;Hohenstein-Ernstthal;18.58;13788.0
082155006066;Philippsburg;50.54;13748.0
150830531531;Wanzleben-Börde;188.44;13724.0
083175002026;Ettenheim;48.80;13722.0
064350002002;Bad Soden-Salmünster;58.59;13719.0
083275004046;Spaichingen;18.50;13714.0
065310006006;Grünberg;89.22;13683.0
094720175175;Pegnitz;99.98;13665.0
145220150150;Frankenberg/Sa.;65.62;13659.0
095760127127;Hilpoltstein;89.72;13654.0
053580036036;Linnich;65.43;13653.0
081180003003;Asperg;5.80;13650.0
150910145145;Jessen (Elster);353.93;13639.0
034600003003;Dinklage;72.80;13622.0
065320021021;Solms;34.02;13579.0
053660036036;Schleiden;121.67;13578.0
145245118190;Meerane;19.81;13567.0
034565403027;Schüttorf;19.45;13562.0
160775052043;Schmölln;94.53;13542.0
031550012012;Uslar;113.59;13536.0
034540019019;Haselünne;159.43;13527.0
130735353010;Bergen auf Rügen;51.49;13457.0
082150064064;Östringen;53.28;13450.0
081285004115;Tauberbischofsheim;69.29;13445.0
084375004088;Pfullendorf;90.50;13442.0
150860040040;Genthin;232.69;13416.0
032510040040;Sulingen;110.83;13394.0
145210530530;Schneeberg;23.35;13377.0
082265005056;Neckargemünd;26.16;13335.0
065310012012;Linden;22.77;13308.0
095750153153;Neustadt a.d.Aisch;61.21;13294.0
081255014102;Weinsberg;22.22;13268.0
081350020020;Herbrechtingen;58.63;13238.0
010550046046;Fehmarn;185.50;13200.0
055580036036;Olfen;52.43;13175.0
059580048048;Winterberg;147.95;13168.0
032510042042;Twistringen;114.38;13162.0
092710146146;Plattling;35.90;13160.0
095770173173;Treuchtlingen;103.38;13159.0
093720153153;Roding;119.61;13157.0
083260003003;Bad Dürrheim;62.08;13149.0
059700028028;Bad Laasphe;135.95;13148.0
091710111111;Altötting;23.07;13138.0
083370116116;Wehr;35.64;13126.0
064400023023;Rosbach v. d. Höhe;45.33;13084.0
065330007007;Hadamar;40.99;13082.0
130720006006;Bad Doberan;32.85;13079.0
064360002002;Eppstein;24.19;13070.0
065350011011;Lauterbach (Hessen);101.98;13047.0
120650356356;Zehdenick;223.06;13040.0
032540005005;Bad Salzdetfurth;67.18;13037.0
150830411411;Oebisfelde-Weferlingen;249.96;13002.0
065330017017;Weilburg;57.51;12992.0
033510004004;Bergen;164.39;12991.0
065340004004;Biedenkopf;90.31;12969.0
066320003003;Bebra;93.71;12945.0
066320018018;Rotenburg a. d. Fulda;79.97;12937.0
120720169169;Jüterbog;176.48;12926.0
082260038038;Ladenburg;19.00;12914.0
160670072072;Waltershausen;60.62;12871.0
150820377377;Südliches Anhalt;193.41;12857.0
083255006057;Sulz am Neckar;87.62;12847.0
083155017113;Titisee-Neustadt;89.64;12797.0
031590019019;Herzberg am Harz;71.88;12792.0
033580008008;Bad Fallingbostel;64.02;12783.0
150870220220;Hettstedt;37.03;12783.0
092770138138;Pfarrkirchen;52.35;12764.0
065310008008;Hungen;86.78;12754.0
084155005078;Bad Urach;55.42;12751.0
064350029029;Wächtersbach;50.79;12731.0
120650332332;Velten;23.42;12727.0
084255002020;Blaubeuren;79.11;12719.0
010510011011;Brunsbüttel;65.21;12692.0
083150076076;Neuenburg am Rhein;44.10;12690.0
055540064064;Velen;70.75;12678.0
057620008008;Beverungen;98.09;12669.0
150860140140;Möckern;527.78;12591.0
066330028028;Wolfhagen;112.29;12582.0
091900148148;Schongau;21.34;12572.0
095710145145;Feuchtwangen;137.21;12551.0
095740152152;Röthenbach a.d.Pegnitz;14.29;12529.0
094730159159;Rödental;49.97;12457.0
095750112112;Bad Windsheim;78.24;12446.0
057700036036;Preußisch Oldendorf;68.76;12439.0
084255007071;Laichingen;69.83;12425.0
057740040040;Bad Wünnenberg;161.30;12418.0
065340010010;Gladenbach;72.28;12415.0
091750115115;Ebersberg;40.84;12408.0
053340020020;Monschau;94.60;12389.0
091870182182;Wasserburg a.Inn;18.80;12375.0
095740132132;Hersbruck;22.90;12346.0
066360006006;Hessisch Lichtenau;105.72;12337.0
150830565565;Wolmirstedt;54.38;12323.0
081185002071;Tamm;8.78;12305.0
083260052052;St. Georgen im Schwarzwald;59.85;12301.0
092710141141;Osterhofen;111.16;12280.0
066340001001;Borken (Hessen);82.46;12268.0
081185001007;Besigheim;16.83;12267.0
095710136136;Dinkelsbühl;75.16;12260.0
092740184184;Vilsbiburg;68.84;12237.0
160610118118;Dingelstädt;118.64;12204.0
081160072072;Wernau (Neckar);10.89;12200.0
081255006056;Lauffen am Neckar;22.63;12189.0
160660092092;Zella-Mehlis;52.99;12157.0
084170013013;Burladingen;123.30;12124.0
147290140140;Frohburg;145.29;12120.0
057620032032;Steinheim;75.69;12107.0
093760141141;Maxhütte-Haidhof;34.69;12053.0
130760060060;Hagenow;67.54;12022.0
120700296296;Perleberg;138.69;12022.0
081275006025;Gaildorf;62.59;12005.0
092750126126;Hauzenberg;82.79;11965.0
130760090090;Ludwigslust;78.64;11961.0
160750085085;Pößneck;24.43;11960.0
055580008008;Billerbeck;91.36;11945.0
130750005005;Anklam;56.68;11917.0
082265003031;Hemsbach;12.85;11915.0
059660008008;Drolshagen;67.11;11913.0
081185007070;Steinheim an der Murr;23.18;11908.0
120640044044;Bad Freienwalde (Oder);131.11;11877.0
120700316316;Pritzwalk;167.32;11866.0
146280260260;Neustadt in Sachsen;83.12;11810.0
082155005059;Oberderdingen;33.57;11690.0
032575403006;Bad Nenndorf;23.22;11686.0
081255013086;Schwaigern;49.49;11661.0
010530083083;Lauenburg/ Elbe;9.56;11657.0
120670124124;Erkner;16.53;11641.0
081250058058;Leingarten;23.47;11637.0
160690024024;Hildburghausen;72.89;11632.0
059620048048;Neuenrade;54.10;11621.0
082255001109;Walldürn;105.91;11614.0
097760117117;Lindenberg i.Allgäu;11.84;11587.0
091820125125;Miesbach;32.44;11573.0
091865156122;Geisenfeld;88.30;11563.0
081365002010;Bopfingen;76.96;11560.0
064390002002;Bad Schwalbach;40.27;11532.0
150880020020;Bad Dürrenberg;36.26;11521.0
097730144144;Lauingen (Donau);44.39;11510.0
064390012012;Oestrich-Winkel;59.51;11443.0
071415003029;Diez;12.41;11428.0
010610029029;Glückstadt;22.75;11410.0
096770157157;Marktheidenfeld;35.70;11402.0
064390004004;Geisenheim;40.34;11369.0
095710193193;Rothenburg ob der Tauber;41.67;11365.0
145215140710;Zwönitz;64.24;11358.0
092720151151;Waldkirchen;80.01;11356.0
083170153153;Rheinau;73.50;11346.0
091890157157;Trostberg;51.55;11337.0
083355001022;Engen;70.56;11311.0
081195005084;Welzheim;37.99;11264.0
081150042042;Rutesheim;16.22;11258.0
055540032032;Isselburg;42.80;11251.0
059620008008;Balve;74.81;11240.0
150910110110;Gräfenhainichen;159.92;11228.0
096790170170;Ochsenfurt;63.57;11219.0
084265007097;Riedlingen;64.96;11176.0
071375008216;Mülheim-Kärlich;16.42;11159.0
031510040040;Wittingen;225.83;11136.0
150910060060;Coswig (Anhalt);296.82;11129.0
145215133590;Stollberg/Erzgeb.;38.99;11127.0
120690020020;Bad Belzig;236.09;11118.0
083175003034;Gengenbach;61.90;11081.0
031540019019;Schöningen;35.47;11078.0
057540052052;Werther (Westf.);35.42;11051.0
130760014014;Boizenburg/ Elbe;47.42;11048.0
065320003003;Braunfels;47.28;11045.0
150850230230;Osterwieck;213.11;11045.0
092760138138;Regen;65.14;11018.0
130755551144;Wolgast;61.73;10991.0
057740028028;Lichtenau;192.57;10985.0
160745052018;Eisenberg;24.67;10955.0
145210450450;Oelsnitz/Erzgeb.;26.28;10954.0
146260085085;Ebersbach-Neugersdorf;20.45;10937.0
084170025025;Haigerloch;76.44;10930.0
034565402014;Neuenhaus;31.37;10890.0
145245128160;Lichtenstein/Sa.;15.47;10875.0
064340010010;Steinbach (Taunus);4.40;10856.0
094780165165;Bad Staffelstein;99.51;10821.0
081360042042;Lorch;34.28;10806.0
082355001006;Altensteig;53.19;10798.0
083165004017;Herbolzheim;35.48;10783.0
053580044044;Nideggen;65.04;10764.0
083165004020;Kenzingen;36.93;10748.0
120610540540;Wildau;9.11;10717.0
096720127127;Hammelburg;128.88;10694.0
064330004004;Gernsheim;40.11;10685.0
084175005044;Meßstetten;76.80;10677.0
097740121121;Burgau;25.92;10670.0
034590004004;Bad Iburg;36.47;10652.0
146255207040;Bischofswerda;46.21;10576.0
081175006015;Donzdorf;39.82;10568.0
066340003003;Felsberg;83.32;10535.0
032545406043;Gronau (Leine);88.39;10527.0
146270180180;Nossen;122.74;10486.0
010560002002;Barmstedt;17.17;10470.0
092780118118;Bogen;49.74;10453.0
095730120120;Langenzenn;46.33;10438.0
034590015015;Dissen am Teutoburger Wald;31.90;10423.0
010580034034;Büdelsdorf;6.48;10417.0
084360008008;Aulendorf;52.33;10417.0
145225102060;Burgstädt;25.88;10413.0
082355008079;Bad Wildbad;105.22;10388.0
034545409057;Werlte;63.81;10382.0
083165005012;Endingen am Kaiserstuhl;26.70;10381.0
071325009006;Betzdorf;9.56;10363.0
150880065065;Braunsbedra;74.64;10352.0
059740036036;Rüthen;158.15;10290.0
092770145145;Simbach a.Inn;47.33;10261.0
081255009069;Neuenstadt am Kocher;41.17;10249.0
160690043043;Schleusingen;125.59;10225.0
065310013013;Lollar;21.39;10222.0
091760114114;Beilngries;100.02;10218.0
150900550550;Tangermünde;90.45;10212.0
064350028028;Steinau an der Straße;104.86;10189.0
081175006049;Süßen;12.79;10185.0
145220140140;Flöha;27.76;10183.0
100410511511;Friedrichsthal;8.99;10180.0
010545489088;Niebüll;30.63;10173.0
130740026026;Grevesmühlen;52.38;10167.0
031590003003;Bad Lauterberg im Harz;41.56;10164.0
160770032032;Meuselwitz;53.66;10148.0
084375002076;Mengen;49.81;10148.0
081365006028;Heubach;25.78;10145.0
150900546546;Tangerhütte;297.07;10108.0
096770131131;Gemünden a.Main;75.06;10098.0
150860055055;Gommern;161.36;10090.0
145235122300;Oelsnitz/Vogtl.;53.66;10062.0
071415010006;Bad Ems;15.41;10030.0
120610332332;Mittenwalde;99.13;10027.0
150880305305;Querfurt;156.38;10007.0
083260005005;Blumberg;98.72;10003.0
160675050053;Ohrdruf;113.60;9991.0
082350080080;Wildberg;56.68;9977.0
094750154154;Münchberg;68.78;9969.0
145210460460;Olbernhau;125.34;9953.0
032560025025;Rehburg-Loccum;99.97;9942.0
064350001001;Bad Orb;47.75;9934.0
066340007007;Gudensberg;46.49;9925.0
160625054066;Bleicherode;108.17;9920.0
081165008070;Weilheim an der Teck;26.51;9887.0
064390013013;Rüdesheim am Rhein;51.41;9879.0
064400017017;Niddatal;40.25;9861.0
010600092092;Wahlstedt;15.75;9831.0
096760122122;Erlenbach a.Main;16.31;9717.0
160650003003;Bad Frankenhausen/Kyffhäuser;91.06;9715.0
010550033033;Oldenburg in Holstein;39.69;9711.0
073395006042;Nieder-Olm;11.22;9703.0
120720426426;Trebbin;126.36;9700.0
065310010010;Laubach;97.01;9699.0
150810280280;Klötze;279.53;9699.0
095710165165;Heilsbronn;62.23;9692.0
130750105105;Pasewalk;55.21;9666.0
147290070070;Brandis;34.89;9654.0
073315007055;Osthofen;18.62;9650.0
065350016016;Schotten;133.56;9641.0
120640029029;Altlandsberg;106.60;9630.0
071315003006;Bad Breisig;19.93;9623.0
081160081081;Aichtal;23.60;9599.0
130710029029;Demmin;82.06;9583.0
150880216216;Wettin-Löbejün;127.66;9554.0
150850228228;Oberharz am Brocken;271.73;9547.0
065330013013;Runkel;43.71;9543.0
064370001001;Bad König;46.73;9508.0
091710132132;Töging a.Inn;13.65;9496.0
097735718182;Wertingen;51.88;9486.0
010550021021;Heiligenhafen;18.32;9484.0
146250200200;Großröhrsdorf;40.95;9477.0
033605407002;Bad Bevensen;48.37;9466.0
032540008008;Bockenem;109.95;9465.0
033570051051;Visselhövede;159.20;9458.0
034595403017;Fürstenau;78.64;9443.0
064370016016;Oberzent;165.61;9429.0
146280360360;Sebnitz;88.24;9421.0
145240320320;Wilkau-Haßlau;12.65;9418.0
071435003032;Höhr-Grenzhausen;15.88;9415.0
150850190190;Ilsenburg (Harz);63.08;9414.0
093750148148;Hemau;122.34;9408.0
120600280280;Werneuchen;117.02;9397.0
097745730143;Ichenhausen;34.27;9373.0
150900415415;Osterburg (Altmark);231.14;9371.0
084265006087;Ochsenhausen;59.96;9358.0
096760139139;Miltenberg;60.25;9351.0
073345004013;Kandel;26.69;9337.0
083370066066;Laufenburg (Baden);23.57;9335.0
065340016016;Neustadt (Hessen);56.86;9316.0
147290430430;Zwenkau;46.30;9305.0
082355004008;Bad Liebenzell;33.78;9301.0
065350015015;Schlitz;142.06;9271.0
057660052052;Lügde;88.64;9232.0
150910160160;Kemberg;237.09;9217.0
150840235235;Hohenmölsen;75.69;9211.0
120610320320;Luckau;207.44;9203.0
120670481481;Storkow (Mark);180.72;9196.0
033545407018;Lüchow (Wendland);89.46;9170.0
033550009009;Bleckede;140.65;9154.0
093730126126;Freystadt;80.56;9151.0
120680264264;Kyritz;157.38;9147.0
093760149149;Nittenau;98.73;9145.0
031550003003;Dassel;113.24;9142.0
073335002019;Eisenberg (Pfalz);18.75;9137.0
160660069069;Steinbach-Hallenberg;76.73;9130.0
097790201201;Rain;77.13;9127.0
010620061061;Reinfeld (Holstein);17.37;9107.0
055660088088;Tecklenburg;70.49;9098.0
064400007007;Florstadt;39.60;9097.0
130730035035;Grimmen;50.51;9076.0
071375007226;Vallendar;13.22;9062.0
092760148148;Zwiesel;41.16;9059.0
094750162162;Rehau;80.33;9045.0
084265002014;Bad Schussenried;55.01;9044.0
071375004069;Mendig;23.75;9034.0
071375008228;Weißenthurm;3.99;9020.0
093730112112;Berching;131.18;9008.0
034610004004;Elsfleth;115.19;9004.0
091710125125;Neuötting;36.60;8991.0
145220570570;Waldheim;41.71;8989.0
150910391391;Zahna-Elster;149.34;8984.0
031550001001;Bad Gandersheim;90.85;8983.0
094790169169;Wunsiedel;54.88;8970.0
146260370370;Niesky;53.82;8956.0
092750124124;Bad Griesbach i.Rottal;70.13;8952.0
032570028028;Obernkirchen;32.45;8912.0
150820440440;Zörbig;114.31;8899.0
120625031024;Bad Liebenwerda;138.88;8899.0
130755559131;Torgelow;72.19;8899.0
130730080080;Sassnitz;47.41;8893.0
091860158158;Vohburg a.d.Donau;45.17;8891.0
150880025025;Bad Lauchstädt;85.57;8883.0
032540014014;Elze;47.81;8880.0
065340021021;Wetter (Hessen);104.53;8867.0
057540004004;Borgholzhausen;55.99;8847.0
093710113113;Auerbach i.d.OPf.;78.26;8846.0
010570057057;Plön;35.98;8844.0
059540004004;Breckerfeld;59.09;8816.0
010590045045;Kappeln;43.33;8812.0
145220050050;Brand-Erbisdorf;46.33;8797.0
094710140140;Hallstadt;14.60;8781.0
147295307300;Naunhof;39.71;8776.0
130750136136;Ueckermünde;85.87;8768.0
145215138690;Zschopau;22.78;8760.0
081155006048;Waldenbuch;22.70;8750.0
160755050073;Neustadt an der Orla;86.06;8743.0
120620224224;Herzberg (Elster);149.01;8732.0
073375002005;Bad Bergzabern;10.71;8724.0
083365001045;Kandern;62.26;8710.0
033525407022;Hemmoor;45.07;8709.0
150820301301;Raguhn-Jeßnitz;97.83;8702.0
081255007063;Möckmühl;49.60;8680.0
071325008117;Wissen;34.88;8679.0
084375003078;Meßkirch;76.22;8676.0
082265006065;Rauenberg;11.12;8675.0
093720126126;Furth im Wald;67.07;8659.0
057620012012;Borgentreich;138.94;8632.0
096760145145;Obernburg a.Main;24.82;8575.0
071335009052;Kirn;16.53;8551.0
093770154154;Tirschenreuth;103.95;8516.0
073315006073;Wörrstadt;16.75;8515.0
096755619174;Volkach;60.19;8512.0
160750098098;Schleiz;108.21;8501.0
092740176176;Rottenburg a.d.Laaber;90.11;8486.0
160725051013;Neuhaus am Rennweg;108.22;8468.0
083155016108;Staufen im Breisgau;23.32;8459.0
120620092092;Doberlug-Kirchhain;150.36;8438.0
064400019019;Ortenberg;54.70;8423.0
150850040040;Ballenstedt;87.30;8422.0
083265002017;Furtwangen im Schwarzwald;82.57;8420.0
092760144144;Viechtach;62.47;8361.0
120660112112;Großräschen/Rań;81.86;8355.0
073355011022;Landstuhl;15.34;8332.0
071325007063;Kirchen (Sieg);39.76;8318.0
160700048048;Stadtilm;120.26;8312.0
057660012012;Barntrup;59.46;8297.0
095710166166;Herrieden;81.66;8295.0
065310017017;Staufenberg;28.58;8291.0
057620040040;Willebadessen;128.41;8281.0
096770114114;Arnstein;112.10;8281.0
145220230230;Hainichen;51.74;8255.0
147290080080;Colditz;84.07;8249.0
010615189049;Kellinghusen;18.81;8243.0
150840315315;Lützen;96.93;8242.0
082165001024;Kuppenheim;18.08;8224.0
034595402010;Bersenbrück;42.54;8221.0
160745014041;Hermsdorf;7.49;8210.0
092720120120;Grafenau;63.73;8203.0
071405008144;Simmern/ Hunsrück;11.96;8195.0
082375001019;Dornstetten;24.20;8194.0
082360033033;Knittlingen;26.33;8188.0
130720106106;Teterow;47.07;8186.0
150880235235;Mücheln (Geiseltal);99.03;8185.0
145210355355;Lauter-Bernsbach;30.28;8179.0
071435005062;Ransbach-Baumbach;12.15;8176.0
082365005043;Neuenbürg;28.15;8162.0
066360001001;Bad Sooden-Allendorf;73.75;8141.0
083175014146;Zell am Harmersbach;36.41;8129.0
094750136136;Helmbrechts;58.72;8125.0
081185003010;Bönnigheim;20.13;8123.0
057660060060;Schieder-Schwalenberg;60.04;8098.0
150870275275;Mansfeld;144.61;8096.0
093760147147;Neunburg vorm Wald;110.14;8093.0
130720060060;Kühlungsborn;16.17;8088.0
073395007043;Nierstein;19.34;8078.0
093760170170;Teublitz;38.23;8060.0
083265001027;Hüfingen;58.53;8060.0
145220460460;Penig;63.36;8059.0
120630244244;Premnitz;46.27;8057.0
147295301010;Bad Lausick;70.02;8043.0
150890055055;Calbe (Saale);57.25;8030.0
145220310310;Leisnig;78.09;8028.0
081180021021;Großbottwar;25.51;8005.0
160715051004;Bad Sulza;94.10;8001.0
150910241241;Oranienbaum-Wörlitz;116.07;7998.0
120670036036;Beeskow;77.90;7998.0
033545406004;Dannenberg (Elbe);76.62;7966.0
073335004039;Kirchheimbolanden;26.36;7956.0
081360045045;Neresheim;118.51;7954.0
150910020020;Bad Schmiedeberg;161.23;7941.0
160765053079;Weida;36.80;7939.0
059580028028;Medebach;126.05;7906.0
081280126126;Weikersheim;80.93;7902.0
095720115115;Baiersdorf;11.81;7890.0
150890195195;Könnern;125.78;7875.0
093730151151;Parsberg;57.32;7818.0
150890026026;Barby;154.04;7813.0
097735713136;Gundelfingen a.d.Donau;54.06;7783.0
081360050050;Oberkochen;23.55;7746.0
130725252020;Bützow;39.85;7745.0
146250310310;Lauta;42.14;7726.0
147300020020;Bad Düben;45.80;7713.0
150840490490;Teuchern;81.67;7712.0
120680353353;Rheinsberg;328.14;7699.0
082355003033;Bad Herrenalb;33.01;7694.0
083155010070;Löffingen;88.02;7692.0
081250007007;Bad Wimpfen;19.38;7686.0
145245111130;Kirchberg;39.56;7678.0
120620124124;Elsterwerda;40.50;7663.0
160630099099;Bad Liebenstein;48.81;7662.0
150900070070;Bismark (Altmark);290.70;7660.0
072355006125;Schweich;31.08;7643.0
073355008038;Ramstein-Miesenbach;43.01;7636.0
120660320320;Vetschau/Spreewald / Wětošow/Błota;111.42;7635.0
120660052052;Calau/Kalawa;163.49;7626.0
146270220220;Radeburg;54.02;7615.0
072335001501;Daun;49.02;7608.0
145235134430;Treuen;43.74;7597.0
083175009110;Renchen;32.08;7582.0
096720135135;Münnerstadt;93.11;7577.0
093740162162;Vohenstrauß;74.91;7576.0
145220440440;Oederan;77.33;7569.0
130735352009;Barth;41.18;7568.0
145210370370;Lößnitz;30.49;7557.0
150890307307;Seeland;79.06;7553.0
120690632632;Treuenbrietzen;212.43;7539.0
150870015015;Allstedt;150.47;7535.0
120650165165;Kremmen;209.61;7535.0
055660024024;Horstmar;44.76;7528.0
083165002010;Elzach;75.28;7515.0
033525411046;Otterndorf;33.55;7515.0
072355008118;Saarburg;20.63;7504.0
093720137137;Bad Kötzting;62.15;7494.0
094750156156;Naila;37.04;7482.0
145215115380;Lugau/Erzgeb.;22.29;7481.0
066360011011;Sontra;111.28;7466.0
146285201010;Altenberg;145.90;7462.0
081250039039;Gundelsheim;38.44;7449.0
147290170170;Groitzsch;70.17;7442.0
097740155155;Leipheim;32.16;7434.0
160710003003;Bad Berka;55.32;7389.0
145235107120;Falkenstein/Vogtl.;31.07;7388.0
147300045045;Belgern-Schildau;158.99;7363.0
160670019019;Friedrichroda;36.87;7352.0
091720122122;Laufen;35.28;7336.0
150850145145;Harzgerode;165.02;7309.0
145230160160;Klingenthal;50.44;7289.0
064310022022;Zwingenberg;5.66;7283.0
145210495495;Pockau-Lengefeld;83.43;7273.0
031550005005;Hardegsen;84.03;7250.0
146255231450;Pulsnitz;26.76;7246.0
072335006026;Gerolstein;64.43;7210.0
064370004004;Breuberg;30.76;7196.0
096745611130;Ebern;95.01;7193.0
031590004004;Bad Sachsa;33.20;7193.0
083175004040;Haslach im Kinzigtal;18.67;7190.0
010585864117;Nortorf;12.77;7190.0
160690012012;Eisfeld;86.52;7181.0
010515175074;Meldorf;21.26;7166.0
073375001501;Annweiler am Trifels;39.87;7160.0
095760122122;Greding;103.73;7154.0
150820005005;Aken (Elbe);59.99;7153.0
145220510510;Roßwein;44.11;7149.0
094710185185;Scheßlitz;94.87;7129.0
120640512512;Wriezen;95.14;7107.0
066330014014;Immenhausen;28.54;7078.0
092720118118;Freyung;48.63;7078.0
073395007049;Oppenheim;7.10;7071.0
160650087087;Roßleben-Wiehe;73.08;7062.0
071345002010;Birkenfeld;13.64;7062.0
145230200200;Markneukirchen;69.04;7061.0
160715053102;Am Ettersberg;92.44;7010.0
034625401003;Esens;21.67;6998.0
081275005043;Ilshofen;54.87;6990.0
160735054112;Königsee;103.01;6979.0
150810240240;Kalbe (Milde);273.64;6976.0
065350009009;Homberg (Ohm);88.04;6973.0
092780123123;Geiselhöring;99.68;6964.0
064400021021;Reichelsheim (Wetterau);27.56;6961.0
145230170170;Lengenfeld;46.99;6910.0
066350021021;Waldeck;115.70;6905.0
097735716139;Höchstädt a.d.Donau;37.45;6902.0
073375003020;Edenkoben;17.89;6896.0
147290150150;Geithain;54.71;6870.0
096750117117;Dettelbach;60.95;6866.0
084255003028;Dietenheim;18.75;6843.0
120640317317;Müncheberg;152.29;6831.0
160740044044;Kahla;7.90;6825.0
083375001022;Bonndorf im Schwarzwald;75.91;6802.0
145210170170;Eibenstock;112.24;6795.0
147290040040;Böhlen;25.27;6787.0
160745050094;Stadtroda;24.18;6785.0
066340017017;Neukirchen;66.25;6782.0
130715153092;Malchin;109.28;6767.0
096785642134;Gerolzhofen;18.39;6767.0
071325010501;Altenkirchen (Westerwald);10.98;6758.0
146270050050;Gröditz;28.94;6752.0
072315001008;Bernkastel-Kues;23.71;6727.0
093770158158;Waldsassen;66.53;6711.0
064400009009;Gedern;75.24;6709.0
081285002014;Boxberg;101.71;6709.0
094745420121;Ebermannstadt;49.95;6688.0
120630148148;Ketzin/Havel;93.65;6684.0
072355001045;Hermeskeil;30.89;6677.0
071375002089;Polch;28.68;6675.0
066320009009;Heringen (Werra);61.20;6669.0
082255007075;Osterburken;47.32;6639.0
081265001058;Neuenstein;47.86;6618.0
084250108108;Schelklingen;75.87;6616.0
073395003019;Gau-Algesheim;13.99;6606.0
093775347141;Mitterteich;39.38;6604.0
150870165165;Gerbstedt;102.87;6601.0
147295308350;Pegau;48.78;6578.0
083155006050;Heitersheim;11.71;6577.0
150860080080;Jerichow;272.03;6571.0
094750168168;Schwarzenbach a.d.Saale;59.18;6570.0
130765660105;Neustadt-Glewe;94.05;6566.0
093720171171;Waldmünchen;101.17;6565.0
071335010501;Bad Sobernheim;54.18;6564.0
160710008008;Blankenhain;113.75;6543.0
031550009009;Moringen;82.39;6540.0
066350020020;Volkmarsen;67.47;6535.0
071325003050;Herdorf;17.99;6508.0
145220250250;Hartha;54.40;6503.0
096720113113;Bad Brückenau;23.71;6470.0
160680063063;Buttstädt;104.80;6470.0
160680034034;Kölleda;89.52;6467.0
094780116116;Burgkunstadt;40.60;6463.0
160655055086;Artern;45.05;6462.0
082365003038;Maulbronn;25.40;6452.0
150890175175;Hecklingen;95.93;6446.0
095755519168;Uffenheim;59.47;6431.0
146280130130;Glashütte;95.64;6414.0
095710214214;Wassertrüdingen;53.57;6414.0
081255012008;Beilstein;25.24;6412.0
097745732185;Thannhausen;20.03;6406.0
093730121121;Dietfurt a.d.Altmühl;78.70;6405.0
081255010038;Güglingen;16.27;6394.0
084170054054;Rosenfeld;51.11;6393.0
160690062062;Römhild;122.45;6383.0
093710156156;Vilseck;64.70;6382.0
073405004038;Rodalben;15.69;6378.0
093740124124;Grafenwöhr;216.21;6360.0
071385002004;Bad Hönningen;20.09;6355.0
071435002229;Hachenburg;21.43;6336.0
091835149129;Neumarkt-Sankt Veit;61.07;6334.0
147290370370;Rötha;45.41;6325.0
150910010010;Annaburg;226.59;6309.0
010590113113;Glücksburg (Ostsee);39.68;6306.0
130765666152;Wittenburg;80.08;6300.0
120605003024;Biesenthal;60.92;6295.0
032575406032;Rodenberg;15.61;6287.0
093765341144;Nabburg;62.36;6276.0
071385004041;Linz am Rhein;17.98;6265.0
084150073073;Trochtelfingen;79.20;6264.0
130725257062;Laage;114.90;6253.0
150900225225;Havelberg;150.12;6246.0
146250030030;Bernsdorf;59.86;6242.0
083150133133;Vogtsburg im Kaiserstuhl;37.36;6234.0
150810030030;Arendsee (Altmark);271.13;6232.0
083275003018;Geisingen;73.75;6225.0
083250012012;Dornhan;44.91;6219.0
083365009103;Zell im Wiesental;36.12;6204.0
066330029029;Zierenberg;86.55;6203.0
071385003012;Dierdorf;31.98;6192.0
094730158158;Bad Rodach;77.65;6179.0
084375001031;Gammertingen;52.97;6155.0
145230360360;Rodewisch;26.87;6131.0
150870031031;Arnstein;122.33;6123.0
095710226226;Windsbach;68.12;6114.0
082370002002;Alpirsbach;64.56;6114.0
096760134134;Klingenberg a.Main;21.13;6112.0
081165004046;Neuffen;17.43;6104.0
071435001206;Bad Marienberg (Westerwald);9.95;6096.0
066360004004;Großalmerode;37.59;6090.0
092730164164;Riedenburg;100.30;6090.0
057620028028;Nieheim;79.71;6081.0
120625031128;Falkenberg/Elster;82.16;6070.0
093740139139;Neustadt a.d.Waldnaab;9.93;6057.0
130715152035;Friedland;141.79;6044.0
096730141141;Bad Königshofen i.Grabfeld;69.51;6034.0
146285209080;Dohna;28.59;6030.0
160630103103;Werra-Suhl-Tal;77.67;6028.0
071435009308;Westerburg;18.48;6002.0
066340024024;Spangenberg;97.71;5967.0
130715154093;Malchow;44.71;5961.0
130765663114;Plau am See;116.27;5960.0
084355004036;Meersburg;12.07;5956.0
145210620620;Thalheim/Erzgeb.;10.79;5956.0
094710220220;Schlüsselfeld;70.24;5932.0
130765655089;Lübz;74.69;5892.0
160700058058;Großbreitenbach;80.76;5884.0
160655056088;An der Schmücke;95.29;5881.0
082355007032;Haiterbach;28.92;5872.0
084175002022;Geislingen;31.96;5870.0
120655502100;Gransee;121.68;5868.0
093775348129;Kemnath;56.79;5864.0
083175005041;Hausach;36.07;5851.0
146250525525;Schirgiswalde-Kirschau;24.34;5849.0
160730005005;Bad Blankenburg;35.62;5843.0
160760094094;Berga-Wünschendorf;63.02;5840.0
091890152152;Tittmoning;72.01;5826.0
082265009091;Waibstadt;25.57;5794.0
010545494019;Bredstedt;9.75;5790.0
083265001006;Bräunlingen;62.14;5784.0
081270075075;Schrozberg;105.21;5777.0
160630076076;Treffurt;72.46;5772.0
120660296296;Schwarzheide;33.44;5765.0
097795723228;Wemding;31.60;5757.0
160645055077;Nottertal-Heilinger Höhen;75.96;5750.0
120650084084;Fürstenberg/Havel;213.85;5741.0
093710127127;Hirschau;74.96;5726.0
071405003064;Kastellaun;8.41;5722.0
145240230230;Oberlungwitz;14.68;5716.0
065320016016;Leun;28.66;5715.0
082355005047;Neubulach;24.69;5713.0
146260180180;Herrnhut;74.13;5695.0
071435010081;Wirges;10.11;5694.0
064400015015;Münzenberg;31.63;5663.0
081250068068;Neudenau;32.91;5643.0
150890235235;Nienburg (Saale);79.57;5635.0
097790155155;Harburg (Schwaben);73.16;5598.0
010515166072;Marne;4.83;5586.0
083175013145;Wolfach;67.98;5571.0
160660074074;Brotterode-Trusetal;49.68;5571.0
095710174174;Leutershausen;84.07;5570.0
066340018018;Niedenstein;30.61;5570.0
145210260260;Grünhain-Beierfeld;22.25;5569.0
160665005095;Kaltennordheim;94.41;5562.0
146250640640;Wittichenau / Kulow;61.02;5554.0
145225126490;Rochlitz;23.76;5549.0
095760111111;Abenberg;48.41;5547.0
160650089089;Greußen;86.82;5544.0
120640448448;Seelow;42.73;5541.0
096740221221;Zeil a.Main;35.67;5540.0
096735633142;Mellrichstadt;56.03;5530.0
082365001025;Heimsheim;14.30;5530.0
160750062062;Bad Lobenstein;48.92;5523.0
147300200200;Mügeln;55.08;5505.0
081265003039;Ingelfingen;46.48;5501.0
120710057057;Drebkau/Drjowk;143.90;5455.0
066350004004;Battenberg (Eder);64.71;5450.0
097795724186;Monheim;69.33;5450.0
146280380380;Stolpen;60.89;5436.0
093730167167;Velburg;175.66;5424.0
010575727048;Lütjenburg;6.15;5424.0
130765657050;Grabow;72.27;5422.0
072315009124;Traben-Trarbach;31.35;5421.0
084255010081;Munderkingen;13.07;5408.0
081265004028;Forchtenberg;38.09;5405.0
073335007502;Rockenhausen;36.83;5371.0
146285202020;Bad Gottleuba-Berggießhübel;88.72;5367.0
081280064064;Külsheim;81.43;5360.0
066330010010;Grebenstein;49.84;5358.0
073345002008;Hagenbach;15.86;5354.0
066310010010;Gersfeld (Rhön);89.34;5352.0
083370106106;Stühlingen;93.20;5351.0
073355010035;Otterberg;32.11;5348.0
034520020020;Norderney;26.31;5343.0
160665013086;Wasungen;89.08;5342.0
073365010055;Kusel;14.37;5332.0
130765667159;Zarrentin am Schaalsee;91.90;5312.0
096740133133;Eltmann;40.81;5311.0
160745015011;Dornburg-Camburg;30.77;5289.0
072325006296;Prüm;22.86;5284.0
031585407027;Schöppenstedt;39.74;5265.0
083175002073;Mahlberg;16.59;5254.0
160620005005;Ellrich;69.41;5239.0
145220210210;Großschirma;61.63;5217.0
082255009001;Adelsheim;43.84;5207.0
093755336210;Wörth a.d.Donau;52.24;5196.0
097795721197;Oettingen i.Bay.;34.22;5196.0
095760147147;Spalt;55.67;5196.0
094720179179;Pottenstein;73.29;5190.0
066350008008;Diemelstadt;82.55;5186.0
130715161021;Burg Stargard;76.61;5171.0
146285240400;Tharandt;71.23;5170.0
147290220220;Kitzscher;29.04;5140.0
160635057066;Ruhla;38.55;5126.0
096745612149;Hofheim i.UFr.;56.34;5125.0
073365009102;Waldmohr;13.03;5124.0
093770116116;Erbendorf;67.56;5095.0
130745452021;Gadebusch;47.76;5087.0
064310015015;Lindenfels;21.09;5059.0
071385007073;Unkel;8.16;5051.0
082165006028;Lichtenau;27.62;5015.0
130715163004;Altentreptow;53.07;4992.0
093740168168;Windischeschenbach;36.37;4980.0
071405009036;Emmelshausen;8.05;4980.0
130725261095;Schwaan;38.29;4976.0
065340001001;Amöneburg;43.90;4972.0
160760061061;Ronneburg;19.13;4971.0
083360087087;Todtnau;69.75;4960.0
120725204053;Dahme/Mark;162.57;4957.0
071355001020;Cochem;21.18;4946.0
093765343153;Pfreimd;51.48;4943.0
066330018018;Naumburg;66.32;4935.0
150850110110;Falkenstein/Harz;104.11;4924.0
081355003027;Niederstotzingen;29.81;4916.0
094725416127;Creußen;64.87;4914.0
160635006104;Amt Creuzburg;76.80;4910.0
094790112112;Arzberg;43.19;4908.0
081280082082;Niederstetten;104.05;4906.0
093760151151;Oberviechtach;62.42;4905.0
120625031500;Uebigau-Wahrenbrück;135.61;4905.0
130720058058;Kröpelin;67.55;4899.0
160630082082;Vacha;44.41;4891.0
034545402012;Freren;48.97;4868.0
032555409034;Stadtoldendorf;24.92;4868.0
081365004038;Lauchheim;40.87;4857.0
130715162142;Stavenhagen;41.02;4855.0
071415010091;Nassau;17.55;4840.0
031530016016;Braunlage;31.65;4839.0
083350080080;Tengen;62.03;4818.0
083175008098;Oppenau;72.98;4815.0
084175006057;Schömberg;23.25;4814.0
010540138138;Tönning;44.43;4814.0
130755552031;Eggesin;88.22;4812.0
057620024024;Marienmünster;64.36;4791.0
094780176176;Weismain;90.14;4786.0
094725412154;Hollfeld;80.66;4784.0
073325002019;Freinsheim;13.59;4772.0
096760169169;Wörth a.Main;15.88;4769.0
096755616139;Iphofen;78.06;4768.0
096730117117;Bischofsheim i.d.Rhön;67.70;4755.0
066330025025;Trendelburg;69.37;4755.0
081275005089;Vellberg;31.89;4747.0
146270130130;Lommatzsch;66.61;4737.0
160635056032;Geisa;71.94;4708.0
145210640640;Thum;18.90;4695.0
095760126126;Heideck;58.64;4684.0
130715159124;Röbel/Müritz;30.68;4684.0
032555408003;Bodenwerder;29.05;4672.0
146255218270;Königsbrück;78.48;4665.0
084265001013;Bad Buchau;23.75;4651.0
146250630630;Wilthen;17.04;4642.0
145230310310;Pausa-Mühltroff;64.13;4625.0
120675708336;Müllrose;69.23;4622.0
130765668025;Crivitz;75.86;4601.0
071415007092;Nastätten;13.05;4588.0
095755518161;Scheinfeld;45.12;4583.0
065350008008;Herbstein;79.98;4583.0
083265003060;Triberg im Schwarzwald;33.33;4580.0
146265232450;Reichenbach/O.L.;62.64;4574.0
033545406009;Hitzacker (Elbe);58.67;4566.0
064320009009;Groß-Bieberau;18.27;4562.0
081265002045;Krautheim;52.90;4561.0
150905053520;Seehausen (Altmark);107.20;4554.0
066310023023;Tann (Rhön);60.45;4492.0
053580012012;Heimbach;64.96;4487.0
130730055055;Marlow;140.52;4487.0
160670065065;Tambach-Dietharz/Thür. Wald;41.64;4474.0
160625053064;Heringen/Helme;66.91;4474.0
071435006286;Rennerod;18.14;4464.0
065340017017;Rauschenberg;67.32;4463.0
081280020020;Creglingen;117.23;4453.0
145230010010;Adorf/Vogtl.;42.97;4451.0
081275004032;Gerabronn;40.38;4451.0
130730070070;Putbus;66.69;4441.0
150845053135;Freyburg (Unstrut);46.69;4433.0
130760088088;Lübtheen;120.16;4433.0
073325006046;Wachenheim an der Weinstraße;24.97;4421.0
120650193193;Liebenwalde;142.14;4413.0
145240090090;Hartenstein;36.70;4411.0
145220020020;Augustusburg;23.38;4379.0
094720116116;Bad Berneck i.Fichtelgebirge;38.26;4373.0
082265007080;Schönau;22.49;4369.0
059580020020;Hallenberg;65.35;4367.0
146280300300;Rabenau;30.73;4359.0
145210160160;Ehrenfriedersdorf;15.89;4343.0
034570002002;Borkum;30.98;4325.0
130745459074;Schönberg;52.19;4321.0
093770157157;Waldershof;60.37;4315.0
093745327117;Eschenbach i.d.OPf.;35.13;4308.0
093710150150;Schnaittenbach;63.41;4304.0
010610113113;Wilster;2.71;4302.0
120715107304;Peitz/Picnjo;13.49;4301.0
073405001004;Dahn;40.76;4297.0
071405008125;Rheinböllen;16.36;4296.0
031595401009;Dransfeld;28.91;4290.0
071325003018;Daaden;19.58;4280.0
130750130130;Strasburg (Uckermark);87.48;4278.0
071345001005;Baumholder;69.19;4265.0
120695904076;Brück;86.19;4258.0
094720139139;Gefrees;50.32;4240.0
094750169169;Schwarzenbach a.Wald;36.70;4231.0
081275008046;Kirchberg an der Jagst;40.93;4221.0
093745324149;Pressath;66.34;4217.0
082265009055;Neckarbischofsheim;26.41;4195.0
071405004067;Kirchberg (Hunsrück);18.05;4189.0
130755558082;Loitz;89.91;4189.0
081265004060;Niedernhall;17.69;4185.0
120720014014;Baruth/Mark;233.83;4168.0
094745427132;Gräfenberg;37.83;4160.0
083170051051;Hornberg;54.45;4154.0
147300060060;Dahlen;71.87;4144.0
094750171171;Selbitz;27.75;4141.0
130725262105;Tessin;24.51;4139.0
010545488164;Wyk auf Föhr;8.08;4113.0
094715401115;Baunach;32.14;4109.0
130710027027;Dargun;118.01;4100.0
145220190190;Geringswalde;30.05;4066.0
066360012012;Waldkappel;96.53;4052.0
066350016016;Lichtenfels;96.77;4051.0
066360013013;Wanfried;46.88;4050.0
146265235480;Rothenburg/O.L.;72.41;4047.0
130715164164;Woldegk;164.17;4045.0
130715158115;Penzlin;115.56;4033.0
073325005032;Lambrecht (Pfalz);8.32;3995.0
071355005092;Zell (Mosel);44.95;3993.0
130720074074;Neubukow;25.14;3969.0
095770158158;Pappenheim;64.32;3942.0
145245135290;Waldenburg;25.06;3941.0
130745457057;Neukloster;27.51;3925.0
130745459017;Dassow;66.96;3922.0
096760112112;Amorbach;50.90;3907.0
095775534125;Ellingen;31.25;3897.0
145220350350;Lunzenau;28.34;3880.0
032565409014;Hoya;8.45;3862.0
150895052165;Güsten;36.23;3843.0
064310018018;Neckarsteinach;17.24;3828.0
065310001001;Allendorf (Lumda);22.05;3824.0
160685005064;Kindelbrück;64.65;3823.0
083375006097;St. Blasien;54.41;3818.0
094730165165;Seßlach;72.53;3809.0
147290360360;Regis-Breitingen;26.37;3803.0
096755618147;Marktbreit;20.16;3793.0
064390010010;Lorch;54.43;3780.0
130765664128;Sternberg;67.69;3769.0
145210670670;Wolkenstein;30.51;3762.0
147290400400;Trebsen/Mulde;35.05;3744.0
120665607272;Ruhland;37.22;3728.0
130715155099;Mirow;158.28;3711.0
072325007123;Speicher;15.36;3681.0
160765051003;Bad Köstritz;20.34;3651.0
083275001036;Mühlheim an der Donau;21.74;3649.0
146270270270;Strehla;30.27;3644.0
081285003047;Grünsfeld;44.72;3640.0
083260068068;Vöhrenbach;70.47;3631.0
073325001009;Deidesheim;26.54;3623.0
081280039039;Freudenberg;34.76;3615.0
145235120260;Netzschkau;12.51;3615.0
145230100100;Elsterberg;25.10;3609.0
066350012012;Gemünden (Wohra);58.65;3606.0
160755011116;Triptis;33.15;3606.0
160680058058;Weißensee;55.33;3598.0
146265203010;Bad Muskau / Mužakow;15.38;3577.0
145210320320;Johanngeorgenstadt;29.59;3567.0
091820132132;Tegernsee;22.74;3567.0
145230040040;Bad Elster;19.77;3552.0
096740164164;Königsberg i.Bay.;61.88;3543.0
130745458065;Rehna;44.59;3542.0
146260530530;Seifhennersdorf;19.12;3536.0
083255004051;Schiltach;34.21;3517.0
071335011103;Stromberg;9.01;3514.0
095755524115;Burgbernheim;42.30;3512.0
064310012012;Hirschhorn (Neckar);30.85;3482.0
120685805324;Neustadt (Dosse);75.87;3469.0
081255011059;Löwenstein;23.46;3460.0
160770028028;Lucka;12.93;3457.0
160720019019;Steinach;26.35;3456.0
145240310310;Wildenfels;20.68;3452.0
094720143143;Goldkronach;30.68;3451.0
071355003083;Ulmen;28.74;3432.0
081165002054;Owen;9.70;3417.0
160775050012;Gößnitz;14.07;3413.0
120605006100;Joachimsthal;121.68;3402.0
071375002501;Münstermaifeld;27.77;3394.0
032555409013;Eschershausen;23.92;3378.0
160715007046;Kranichfeld;23.10;3376.0
066330002002;Bad Karlshafen;14.85;3373.0
010515178127;Wesselburen;5.13;3368.0
146285204030;Bad Schandau;46.78;3346.0
096735639153;Ostheim v.d.Rhön;40.85;3344.0
150835054245;Gröningen;59.89;3343.0
160760092092;Auma-Weidatal;55.91;3324.0
130725256056;Krakow am See;87.36;3324.0
160735012113;Schwarzatal;25.98;3319.0
120625031341;Mühlberg/Elbe;89.20;3309.0
081185008059;Oberriexingen;8.16;3306.0
160750132132;Tanna;87.35;3304.0
095715538229;Wolframs-Eschenbach;25.47;3282.0
160750135135;Saalburg-Ebersdorf;72.05;3271.0
160695004063;Heldburg;112.74;3261.0
071355002045;Kaisersesch;8.18;3256.0
093720154154;Rötz;66.67;3256.0
145215110210;Geyer;18.56;3255.0
130745457084;Warin;44.45;3255.0
130765656048;Goldberg;64.72;3236.0
082355005084;Bad Teinach-Zavelstein;25.17;3220.0
072335006029;Hillesheim;20.62;3207.0
150875051250;Kelbra (Kyffhäuser);40.82;3196.0
120695902270;Havelsee;81.97;3181.0
083275001016;Fridingen an der Donau;22.47;3157.0
146280190190;Hohnstein;64.64;3150.0
120730384384;Lychen;111.98;3139.0
160720011011;Lauscha;18.72;3133.0
094790129129;Kirchenlamitz;48.48;3122.0
120620469469;Sonnewalde;119.29;3120.0
146265206030;Bernstadt a. d. Eigen;52.00;3117.0
160720015015;Schalkau;44.02;3111.0
150895051075;Egeln;29.33;3108.0
120710408408;Welzow/Wjelcej;39.57;3102.0
095710177177;Merkendorf;26.07;3099.0
160745051009;Bürgel;27.19;3099.0
146265224350;Neusalza-Spremberg;22.91;3092.0
096795646124;Eibelstadt;7.07;3091.0
094790150150;Schönwald;19.19;3076.0
065350010010;Kirtorf;79.91;3072.0
094760152152;Ludwigsstadt;58.74;3068.0
120715102044;Döbern/Derbno;15.79;3066.0
120645406268;Lebus;54.42;3049.0
130745454039;Klütz;44.44;3036.0
130755563044;Gützkow;57.65;3034.0
096750158158;Prichsenstadt;48.87;3032.0
146250610610;Weißenberg / Wóspork;50.96;3024.0
093770112112;Bärnau;74.41;3007.0
071415009501;Braubach;19.50;3002.0
082255007114;Ravenstein;55.97;2999.0
130715155159;Wesenberg;89.65;2992.0
094720197197;Waischenfeld;57.93;2989.0
081265001085;Waldenburg;31.54;2986.0
094775435156;Stadtsteinach;39.80;2983.0
071375009221;Rhens;16.31;2950.0
071405009112;Oberwesel;18.08;2939.0
150845053360;Nebra (Unstrut);25.46;2937.0
120670137137;Friedland;174.15;2936.0
071315001001;Adenau;18.56;2935.0
120685804280;Lindow (Mark);65.47;2921.0
071335010065;Meisenheim;10.33;2910.0
071435007067;Selters (Westerwald);8.70;2902.0
120620461461;Schönewalde;156.16;2899.0
066330016016;Liebenau;48.88;2880.0
094790166166;Weißenstadt;42.23;2880.0
066350014014;Hatzfeld (Eder);58.51;2865.0
130765654034;Dömitz;60.57;2864.0
160750133133;Wurzbach;72.32;2864.0
145235131370;Schöneck/Vogtl.;55.04;2857.0
071405009133;Sankt Goar;23.17;2847.0
160765006049;Münchenbernsdorf;15.45;2842.0
094790135135;Marktleuthen;35.48;2820.0
010545417036;Garding;3.06;2816.0
083155012111;Sulzburg;22.74;2794.0
130755554054;Jarmen;30.71;2787.0
066350010010;Frankenau;57.29;2782.0
095715502198;Schillingsfürst;27.50;2770.0
065350018018;Ulrichstein;65.61;2728.0
130725254035;Gnoien;41.11;2703.0
160655052014;Ebeleben;44.54;2667.0
160695002051;Themar;20.18;2664.0
150845053285;Laucha an der Unstrut;31.28;2657.0
145220170170;Frauenstein;58.98;2656.0
146250130130;Elstra / Halštrow;32.63;2651.0
145215140180;Elterlein;45.74;2636.0
065350014014;Romrod;54.43;2574.0
120705009325;Putlitz;119.68;2566.0
010540033033;Friedrichstadt;4.02;2563.0
160745005116;Schkölen;53.43;2559.0
081175006061;Lauterstein;23.31;2558.0
130765664020;Brüel;27.22;2557.0
120635302088;Friesack;84.03;2545.0
150895052005;Alsleben (Saale);23.72;2526.0
033545407026;Wustrow (Wendland);30.18;2524.0
150845051015;Bad Bibra;49.93;2515.0
120705001008;Bad Wilsnack;79.38;2512.0
084375002101;Scheer;18.73;2510.0
130735360093;Tribsees;54.97;2506.0
083365006079;Schönau im Schwarzwald;14.72;2504.0
094725417118;Betzenstein;51.84;2491.0
120615114164;Golßen;63.66;2458.0
010615153055;Krempe;3.38;2435.0
094760184184;Wallenfels;45.65;2432.0
145210330330;Jöhstadt;49.69;2413.0
160645001004;Bad Tennstedt;27.42;2399.0
120695918696;Ziesar;67.96;2389.0
150855051365;Wegeleben;51.88;2378.0
083355001001;Aach;10.68;2377.0
093745331147;Pleystein;42.40;2368.0
160685006042;Rastenberg;35.52;2360.0
150855051285;Schwanebeck;32.97;2352.0
150845054375;Osterfeld;27.66;2346.0
120625209445;Schlieben;78.65;2344.0
160750131131;Gefell;45.22;2344.0
033585402018;Rethem (Aller);34.08;2332.0
120735304189;Gartz (Oder);61.88;2328.0
071415011068;Katzenelnbogen;9.18;2287.0
065350006006;Grebenau;55.34;2273.0
093765344160;Schönsee;50.28;2269.0
150845051125;Eckartsberga;36.13;2255.0
096750144144;Mainbernheim;12.21;2230.0
084155006034;Hayingen;63.37;2211.0
145215130520;Schlettau;21.22;2208.0
147305303090;Dommitzsch;30.44;2198.0
146260420420;Ostritz;23.48;2198.0
160685002014;Gebesee;24.08;2181.0
130735353027;Garz/Rügen;65.91;2170.0
130725259085;Rerik;34.22;2166.0
146285219210;Königstein/Sächs. Schw.;27.05;2151.0
084375001114;Veringenstadt;31.25;2149.0
160750046046;Hirschberg;24.13;2105.0
096735637123;Fladungen;46.34;2092.0
120705006280;Meyenburg;50.71;2061.0
066350017017;Rosenthal;51.55;2051.0
120695910448;Niemegk;45.11;2038.0
120705005244;Lenzen (Elbe);96.20;2031.0
081175007058;Wiesensteig;23.41;2001.0
120665606240;Ortrand;7.36;1996.0
073365008058;Lauterecken;8.89;1990.0
120605011176;Oderberg;36.12;1981.0
145215130510;Scheibenberg;9.00;1972.0
160705002043;Plaue;22.69;1972.0
145210440440;Oberwiesenthal;40.03;1929.0
160715008053;Magdala;20.58;1924.0
160730106106;Leutenberg;57.52;1919.0
120615108492;Teupitz;48.16;1902.0
096770177177;Rieneck;26.19;1868.0
084375001047;Hettingen;46.06;1861.0
094755431165;Schauenstein;26.66;1859.0
094765433180;Teuschnitz;34.25;1847.0
120735303085;Brüssow;101.81;1842.0
073365008105;Wolfstein;13.77;1835.0
032575407033;Sachsenhagen;15.47;1821.0
096755618149;Marktsteft;10.51;1813.0
160735005028;Gräfenthal;36.42;1806.0
081255007103;Widdern;25.23;1782.0
081275004047;Langenburg;31.40;1749.0
095715506189;Ornbau;15.16;1720.0
095745527160;Velden;21.34;1712.0
130755556107;Penkun;78.87;1707.0
096795654182;Röttingen;27.21;1681.0
160755013088;Ranis;10.57;1680.0
130735360007;Bad Sülze;26.67;1659.0
145225129520;Sayda;35.30;1659.0
130715153109;Neukalen;47.97;1649.0
120635309260;Rhinow;31.67;1603.0
096765632158;Stadtprozelten;10.87;1597.0
160660047047;Oberhof;23.40;1592.0
073395001003;Bacharach;23.35;1575.0
146285221370;Stadt Wehlen;10.85;1538.0
120645408084;Buckow (Märkische Schweiz);14.42;1513.0
130755562137;Usedom;39.06;1499.0
160735005046;Lehesten;35.94;1495.0
072315008080;Manderscheid;10.06;1434.0
150905051010;Arneburg;31.14;1402.0
073405008211;Hornbach;13.34;1387.0
094795443127;Hohenberg a.d.Eger;15.66;1384.0
160765056029;Hohenleuben;9.53;1373.0
096795644114;Aub;17.54;1370.0
150835054355;Kroppenstedt;38.91;1357.0
072325005088;Neuerburg;10.17;1344.0
120615113308;Lieberose;73.03;1330.0
130735355076;Richtenberg;15.67;1301.0
130735355024;Franzburg;15.20;1272.0
071415009121;Sankt Goarshausen;7.06;1248.0
130755551074;Lassan;28.21;1224.0
146285202230;Liebstadt;37.36;1207.0
093745327140;Neustadt am Kulm;20.30;1160.0
066340023023;Schwarzenborn;26.90;1086.0
160745011065;Orlamünde;7.47;1081.0
073335007054;Obermoschel;10.15;1065.0
094775437129;Kupferberg;8.28;1049.0
150885051340;Schraplau;7.07;1020.0
160655002012;Clingen;10.75;985.0
094755428146;Lichtenberg;9.47;961.0
096775621181;Rothenfels;12.07;947.0
072325008070;Kyllburg;4.62;939.0
150905051610;Werben (Elbe);53.20;899.0
150845054470;Stößen;7.33;869.0
120615108328;Märkisch Buchholz;24.86;849.0
150905052445;Sandau (Elbe);18.56;796.0
071415009069;Kaub;13.05;788.0
160755013127;Ziegenrück;8.25;626.0
160715053061;Neumark;8.67;462.0
160695004052;Ummerstadt;15.73;455.0
033545403021;Schnackenburg;23.70;447.0
010595920002;Arnis;0.45;251.0
